route_id,direction_id,stop_id,stop_sequence,mean_delay,stop_name,boardings,alightings,total_b_a,geometry,node,spacing_ft,index_right,cluster,adt,dist_to_adt
22,0,60397,63,-35.62068965517241,The Alameda & Newhall,39.26377641965878,15.97494441832677,55.238720837985554,POINT (6146329.00993225 1950686.1137089),65539401,451.46769281427214,126.0,126.0,15507.0,154.20018147169606
22,0,60398,64,-61.724137931034484,The Alameda & McKendrie,14.479637029637033,9.542597924950863,24.022234954587887,POINT (6147715.53865525 1949942.14898948),65488026,444.1490895720424,78.0,78.0,23472.0,348.1372132315283
22,0,60400,66,-85.51724137931035,The Alameda & Naglee,160.79183879845644,129.70788231376463,290.49972111222115,POINT (6148984.787101 1948553.67702889),65539392,334.01961028541393,86.0,86.0,21743.333333333332,83.7860798822303
22,0,60402,68,-103.3103448275862,The Alameda & Hester,9.997135054487996,9.60513987646341,19.60227493095141,POINT (6150347.347368 1947097.21701531),3678132176,262.72472063729407,127.0,127.0,23240.0,349.1406715949762
22,0,60403,69,-131.32142857142858,The Alameda & Hanchett,120.07972232016344,68.30533192297897,188.3850542431425,POINT (6150818.96880008 1946595.94603623),3678132173,193.34582126930468,127.0,127.0,23240.0,342.564864357234
22,0,60406,71,-149.41379310344828,The Alameda & Bush,124.0449915280798,49.44671651877535,173.49170804685514,POINT (6153200.88267142 1946316.46759257),3616819741,461.5433419977572,110.0,110.0,17070.666666666668,254.45382683188674
22,0,60408,72,-154.6551724137931,Santa Clara & Montgomery,201.4695195327548,133.47078999431943,334.9403095270741,POINT (6154169.72161299 1946352.91929132),3608334971,310.4364173769736,19.0,19.0,9158.75,234.447282842798
22,0,60412,76,-147.07142857142858,Santa Clara & 1st,527.7515366169779,488.0801242058595,1015.8316608228376,POINT (6157574.84144317 1947946.23861124),65419211,449.62346051874016,98.0,98.0,10873.545454545454,44.73839382559847
22,0,60413,77,-26.689655172413794,Santa Clara & 6th,2008.3313936880124,1159.265020110608,3167.5964137986184,POINT (6158928.50802717 1948704.70395781),65529799,436.01436494100227,77.0,77.0,14389.0,268.5102785978346
22,0,60414,78,25.357142857142858,Santa Clara & 7th,271.7836664152841,105.29960815328468,377.0832745685686,POINT (6159225.73249833 1948886.74690081),65468916,108.49689294122119,77.0,77.0,14389.0,89.38664893319826
22,0,60415,79,16.178571428571427,Santa Clara & 11th,75.57082557964911,82.57483064321302,158.14565622286207,POINT (6160682.18627833 1949721.3400479),65450663,530.9580819186837,71.0,71.0,16540.0,236.104456021048
22,0,60416,80,14.035714285714286,Santa Clara & 13th,21.590851713645836,34.090892196039256,55.68174390968508,POINT (6161161.25815482 1949993.21614456),3624053321,108.92894988280253,24.0,24.0,15372.0,281.383596645139
22,0,60418,81,-5.107142857142857,Santa Clara & 17th,74.73168653242185,195.31395124483356,270.04563777725554,POINT (6162125.66469058 1950549.64613406),65460546,397.4280467022063,69.0,69.0,16768.0,56.47035695870154
22,0,60419,82,-27.344827586206897,Santa Clara & 21st,39.46239340724635,99.70948895875364,139.17188236600006,POINT (6163225.61327808 1951192.6107274),65487649,386.7524395222068,21.0,21.0,17102.666666666668,96.41526399561018
22,0,60420,83,-43.172413793103445,Santa Clara & 24th,95.10504046606988,123.49301597095712,218.59805643702703,POINT (6164064.792374 1951680.29938456),65494694,294.55200335655206,15.0,15.0,11923.5,58.81272963832962
22,0,60421,84,-44.62068965517241,Santa Clara & 28th,74.42689051144936,80.74733183483178,155.1742223462811,POINT (6165083.9655325 1952252.78281964),65529824,371.01078687599926,30.0,30.0,24967.75,199.78431626427795
22,0,60422,85,-45.86206896551724,Alum Rock & 33rd,18.669426815015058,69.65748524351467,88.32691205852973,POINT (6166597.53140299 1953121.81290573),65421247,527.470881755901,20.0,20.0,14511.0,135.12801692040833
22,0,60035,86,-30.25,King & Alum Rock,149.6079740520917,157.93623590461826,307.5442099567101,POINT (6167727.93202934 1953654.17929506),4883398843,357.737737571383,118.0,118.0,28500.0,215.69479596620332
22,0,60036,87,-25.17241379310345,King & San Antonio,36.41845597213243,38.469836536013005,74.88829250814545,POINT (6168552.89461824 1952565.84026439),4170454448,496.43418743427765,27.0,27.0,13049.333333333334,63.80823883503165
22,0,60038,89,56.535714285714285,King & Virginia,42.71691592721005,39.129301907243104,81.84621783445313,POINT (6169685.78277241 1951032.84103382),65625731,187.3362998441902,144.0,144.0,20818.0,175.0310004633158
22,0,60040,91,290.60714285714283,King & Story,238.76370598355896,288.76921322141914,527.5329192049778,POINT (6171451.19098699 1948671.12922181),4170385711,667.9631635347071,58.0,58.0,31280.25,347.80582343847493
22,0,60041,92,307.42857142857144,King & Christopher,14.65468967307202,32.62560495060496,47.280294623676994,POINT (6172153.21582967 1947748.16715698),65483227,372.42901978164605,143.0,143.0,20122.5,38.6426758296284
22,0,60043,94,249.28571428571428,King & Havana,32.23416599740129,92.4745754245754,124.70874142197668,POINT (6173718.85771149 1945682.60337473),65625736,358.39518996272005,87.0,87.0,14537.666666666666,55.118507043856056
22,0,60045,96,189.71428571428572,King & Waverly,12.776400396988633,73.79196685667273,86.56836725366134,POINT (6175216.58568716 1943732.43798374),65534322,360.02225133351953,63.0,63.0,20670.0,38.90417073626268
22,0,60047,98,258.85714285714283,Tully & King,21.700355496756423,147.8202036053042,169.5205591020606,POINT (6176321.56280792 1942660.39682072),3700418053,249.6536346934409,41.0,41.0,42920.5,173.99652616338776
22,0,60049,100,312.7857142857143,Tully & Quimby,14.747801390216257,67.96769039783744,82.71549178805371,POINT (6177953.14681508 1944010.50960606),3112076275,239.16871885257044,120.0,120.0,41811.0,260.5409643552953
22,1,60053,3,107.3103448275862,Tully & Quimby,81.85968198468194,16.38665419547773,98.2463361801597,POINT (6177605.19541125 1943875.58927223),65552861,1012.0991736355137,120.0,120.0,41811.0,117.9100445775601
22,1,60055,5,179.79310344827587,King & Tully,175.0758443354032,17.758625688037448,192.83447002344053,POINT (6176051.84549958 1942753.43206772),65625746,248.54010040520822,140.0,140.0,51822.0,206.60108763473434
22,1,60425,7,147.06896551724137,King & Waverly,78.00327385033273,16.160768071797484,94.16404192213014,POINT (6175120.6186875 1943957.38339998),65534322,239.83682384723474,63.0,63.0,20670.0,211.59993509628328
22,1,60058,9,96.39285714285714,King & Ocala,97.5870973797444,28.67271527492116,126.25981265466558,POINT (6173760.78873 1945727.5232324),65625736,388.174323746044,87.0,87.0,14537.666666666666,6.526369216155873
22,1,60059,10,77.03571428571429,King & Biscayne,52.95605505605508,15.102580670963022,68.0586357270181,POINT (6172900.09589759 1946867.91596472),65596311,423.08826791736647,56.0,56.0,24530.0,127.04390607941681
22,1,60060,11,47.035714285714285,King & Everglade,28.80308310970075,16.460309869868695,45.26339297956948,POINT (6171993.74698849 1948063.61206415),65625734,371.5646069977916,143.0,143.0,20122.5,323.2651789916534
22,1,65427,12,69.35714285714286,King & Story,250.86059414441755,183.21120619576504,434.0718003401829,POINT (6171423.69432282 1948841.94187231),4170385711,618.5004111409708,58.0,58.0,31280.25,213.45645880205993
22,1,60061,13,176.72413793103448,King & Story,191.8293791992321,53.91276819585644,245.74214739508864,POINT (6170984.30904675 1949424.31964456),3641101833,403.98695084786453,151.0,151.0,31857.5,235.56295403187457
22,1,60063,14,209.17241379310346,King & Virginia,44.15400636944758,45.694812540400775,89.84881890984832,POINT (6169795.79436341 1951000.6681979),65503366,475.5281154173834,144.0,144.0,20818.0,266.42357968927803
22,1,60064,15,177.3448275862069,King & Kammerer,49.92121391680215,27.24025296598826,77.16146688279038,POINT (6169252.40306175 1951704.01226364),65545468,286.83256888316106,106.0,106.0,17311.333333333332,346.43613280695996
22,1,60065,16,128.72413793103448,King & San Antonio,39.93575036075036,51.8649602031955,91.80071056394586,POINT (6168449.96831492 1952846.26063532),4890201417,407.1347114207417,27.0,27.0,13049.333333333334,234.90578073403225
22,1,60426,17,149.58620689655172,Alum Rock & King,176.5811196156784,91.3552925832337,267.93641219891214,POINT (6167485.29275084 1953720.69130115),65421253,440.59503664143494,118.0,118.0,28500.0,341.90444521001785
22,1,60428,18,216.58620689655172,Alum Rock & 33rd,79.13018566400918,26.64117336911454,105.7713590331237,POINT (6166691.40391867 1953260.28014848),65421247,356.5884551204748,20.0,20.0,14511.0,43.09053637859709
22,1,60429,19,227.10344827586206,Santa Clara & 28th,85.32822879734645,56.89169906890496,142.21992786625142,POINT (6165234.65912874 1952419.54823415),65529824,526.6574419860497,30.0,30.0,24967.75,39.49441086932498
22,1,60431,20,192.20689655172413,Santa Clara & 24th,161.8811642605759,85.95269322181085,247.83385748238675,POINT (6164019.37448584 1951715.55685998),65494694,371.01078687599926,15.0,15.0,11923.5,19.850007778775286
22,1,60433,21,173.92857142857142,Santa Clara & 20th,117.40724781754196,49.47766130927899,166.8849091268209,POINT (6162816.90937108 1951037.64942315),65529813,393.05815537865544,21.0,21.0,17102.666666666668,341.9002386193197
22,1,60434,22,178.9655172413793,Santa Clara & 17th,190.16335739423965,67.19104204618914,257.35439944042884,POINT (6162058.020797 1950595.79367957),65460546,288.24628750010345,69.0,69.0,16768.0,39.452754170876034
22,1,60435,23,173.58620689655172,Santa Clara & 14th,46.11951732907617,18.283519340137,64.40303666921317,POINT (6161248.99518408 1950127.02165122),65519591,289.14483291282704,24.0,24.0,15372.0,140.03082512434528
22,1,60437,24,162.3448275862069,Santa Clara & 11th,99.5592179878944,97.3992188367188,196.95843682461316,POINT (6160398.19767308 1949646.87267715),65529804,291.90046751247496,23.0,23.0,14241.666666666666,158.19718194810903
22,1,60438,25,162.68965517241378,Santa Clara & 7th,164.5072665080018,312.8525174172233,477.359783925225,POINT (6159301.49973525 1949016.35359699),65468916,431.0674060802388,77.0,77.0,14389.0,217.622973257521
22,1,65849,27,280.3103448275862,Santa Clara & 2nd,325.42883668618987,278.0328862314157,603.4617229176056,POINT (6157575.71742566 1948005.21716781),65419211,326.9960939032292,98.0,98.0,10873.545454545454,102.09179268679131
22,1,60441,28,323.7241379310345,Santa Clara & Market,69.43153643741881,68.5142960797373,137.94583251715613,POINT (6156878.64073583 1947605.91842572),1984576776,265.06645938849545,62.0,62.0,18831.0,115.57368108837919
22,1,60445,32,280.13793103448273,Santa Clara & Cahill,115.76268690459868,129.75330617095318,245.515993075552,POINT (6154143.02940917 1946434.52313073),65425223,192.50273753080063,19.0,19.0,9158.75,273.0734633340088
22,1,60446,33,325.9642857142857,The Alameda & Bush,56.501607297930846,103.89937741996567,160.40098471789648,POINT (6153307.07602859 1946397.89820398),3616819741,653.7403048741882,110.0,110.0,17070.666666666668,148.31577717087228
22,1,60450,36,255.58620689655172,The Alameda & Hester,9.078007939772649,17.49290137966609,26.57090931943873,POINT (6150439.91279966 1947103.82887873),3678132176,843.7662215548843,127.0,127.0,23240.0,291.23913742943114
22,1,60452,38,212.32142857142858,The Alameda & Taylor,145.55305185011065,124.8877442818619,270.44079613197255,POINT (6149022.07508416 1948635.04432023),3608363133,392.8299115885629,86.0,86.0,21743.333333333332,33.83270160673311
22,1,60455,41,192.89655172413794,The Alameda & Newhall,13.0342955247367,28.60333563495328,41.63763115968999,POINT (6146498.97022225 1950697.35646856),65539401,448.3108537357779,126.0,126.0,15507.0,113.80828967618176
23,0,60579,7,-101.0,Stevens Creek & Richfield,20.993024867289574,33.59210413769237,57.61846233831526,POINT (6130141.24867266 1943493.42960347),65430951,3165.983273952557,40.0,40.0,27332.0,82.41495106496046
23,0,60579,15,47.542857142857144,Stevens Creek & Richfield,20.993024867289574,33.59210413769237,57.61846233831526,POINT (6130141.24867266 1943493.42960347),65430951,261.08326340851534,40.0,40.0,27332.0,82.41495106496046
23,0,60583,18,65.42857142857143,Stevens Creek & Saratoga,68.51318656833364,31.91946925623396,100.43265582456752,POINT (6134528.80256158 1943457.33584365),2404194144,963.9605509222555,134.0,134.0,23530.5,298.16600887929235
23,0,60585,19,82.77142857142857,Stevens Creek & Harold,43.57506219270925,14.239385614385617,57.814447807094886,POINT (6136310.72681925 1943445.07963456),65430922,725.5972172802182,50.0,50.0,33570.0,309.7009935791082
23,0,60586,20,56.97142857142857,Stevens Creek & Cypress,83.05321067821069,54.80013638322463,137.85334706143533,POINT (6137329.6076555 1943436.45366757),4179596801,329.38487003560766,52.0,52.0,32046.0,135.36455665718643
23,0,60587,21,13.714285714285714,Stevens Creek & Henry,9.68445720945721,7.323531860296569,17.007989069753776,POINT (6138552.30566941 1943425.05966148),7871306317,350.95966784377094,51.0,51.0,31144.5,52.37090676801203
23,0,60593,24,-117.37142857142857,Stevens Creek & Bradley,37.84497830600771,64.40621339444866,102.25119170045646,POINT (6144835.42072783 1943373.96265081),65430859,1227.4932916526272,64.0,64.0,20418.0,287.91019603448115
23,0,60597,27,-77.5,San Carlos & Leigh,47.89554514113336,19.361539685804395,67.25708482693777,POINT (6147858.5236055 1943342.74814631),65580096,355.0578449806865,60.0,60.0,17864.25,206.54624261180342
23,0,60601,30,-84.91428571428571,San Carlos & Lincoln,15.665844939374354,14.398501988207869,30.06434692758221,POINT (6152187.386995 1943351.54307623),4894718768,591.7341503756356,109.0,109.0,18635.0,208.34291845640007
23,0,60603,32,-145.38235294117646,San Carlos & Barack Obama Blvd,63.277347244259055,112.40770512167572,175.68505236593475,POINT (6154646.17735299 1943797.87026756),580402450,552.7281783108199,10.0,10.0,15538.5,175.78694960421706
23,0,60604,33,-47.68571428571428,San Carlos & Josefa,1.826314371902608,5.727981577246283,7.554295949148891,POINT (6155134.91686109 1944141.23441023),2619144327,178.1051976032859,108.0,108.0,12780.0,175.23835324971375
23,0,60605,34,-104.34285714285714,San Carlos & Delmas,5.892544955044955,15.69988981606628,21.59243477111124,POINT (6155962.32498316 1944731.54228473),2619144364,315.7020349515891,116.0,116.0,10569.0,264.801372262932
23,0,60607,36,-153.57142857142858,San Carlos & Convention Center,21.843207038059973,130.62349382643504,152.46670086449504,POINT (6157817.57652199 1945749.03335997),3632374240,668.1624834458215,115.0,115.0,14997.0,83.07950689183669
23,0,65460,37,-127.0,1st & Paseo de San Antonio,68.25850840336133,269.3489162797987,337.6074246831598,POINT (6158208.50126508 1946482.08045031),65534051,772.2646039627801,119.0,119.0,3830.0,246.65616914064205
23,0,60412,38,-41.09375,Santa Clara & 1st,527.7515366169779,488.0801242058595,1015.8316608228376,POINT (6157574.84144317 1947946.23861124),65419211,710.6981142772968,98.0,98.0,10873.545454545454,44.73839382559847
23,0,60413,39,-11.2,Santa Clara & 6th,2008.3313936880124,1159.265020110608,3167.5964137986184,POINT (6158928.50802717 1948704.70395781),65529799,436.01436494100227,77.0,77.0,14389.0,268.5102785978346
23,0,60414,40,28.457142857142856,Santa Clara & 7th,271.7836664152841,105.29960815328468,377.0832745685686,POINT (6159225.73249833 1948886.74690081),65468916,108.49689294122119,77.0,77.0,14389.0,89.38664893319826
23,0,60415,41,10.571428571428571,Santa Clara & 11th,75.57082557964911,82.57483064321302,158.14565622286207,POINT (6160682.18627833 1949721.3400479),65450663,530.9580819186837,71.0,71.0,16540.0,236.104456021048
23,0,60416,42,1.0571428571428572,Santa Clara & 13th,21.590851713645836,34.090892196039256,55.68174390968508,POINT (6161161.25815482 1949993.21614456),3624053321,108.92894988280253,24.0,24.0,15372.0,281.383596645139
23,0,60418,43,-38.285714285714285,Santa Clara & 17th,74.73168653242185,195.31395124483356,270.04563777725554,POINT (6162125.66469058 1950549.64613406),65460546,397.4280467022063,69.0,69.0,16768.0,56.47035695870154
23,0,60419,44,-31.085714285714285,Santa Clara & 21st,39.46239340724635,99.70948895875364,139.17188236600006,POINT (6163225.61327808 1951192.6107274),65487649,386.7524395222068,21.0,21.0,17102.666666666668,96.41526399561018
23,0,60420,45,-52.31428571428572,Santa Clara & 24th,95.10504046606988,123.49301597095712,218.59805643702703,POINT (6164064.792374 1951680.29938456),65494694,294.55200335655206,15.0,15.0,11923.5,58.81272963832962
23,0,60421,46,-35.4,Santa Clara & 28th,74.42689051144936,80.74733183483178,155.1742223462811,POINT (6165083.9655325 1952252.78281964),65529824,371.01078687599926,30.0,30.0,24967.75,199.78431626427795
23,0,60422,47,-7.114285714285714,Alum Rock & 33rd,18.669426815015058,69.65748524351467,88.32691205852973,POINT (6166597.53140299 1953121.81290573),65421247,527.470881755901,20.0,20.0,14511.0,135.12801692040833
23,0,63026,48,7.117647058823529,Alum Rock & King,55.57118690133395,107.34849709114418,162.91968399247804,POINT (6167854.94883566 1953833.68254498),4883398844,367.7842032065622,118.0,118.0,28500.0,61.57429265328295
23,0,63027,49,12.4,Alum Rock & McCreery,18.39030405868641,39.55531208987093,57.945616148557335,POINT (6168707.6590725 1954323.86529164),4914640544,380.95568033894517,18.0,18.0,16096.5,114.90364303412508
23,0,63030,52,-10.411764705882353,Alum Rock & Jackson,32.55360228007285,93.3904002859885,125.9440025660614,POINT (6171370.29416716 1955858.61681531),65421289,519.760483287787,68.0,68.0,17910.0,162.6664934323551
23,0,63031,53,-17.97142857142857,Alum Rock & Muirfield,2.8011779886779893,55.81124267888976,58.61242066756773,POINT (6172728.42137216 1956638.81440189),65421296,663.2553265344113,95.0,95.0,5230.0,139.3976914794518
23,0,63864,54,-24.714285714285715,Capitol & Alum Rock,7.030726952785773,175.992697743433,183.0234246962188,POINT (6173689.97423908 1956967.73664431),4883398882,266.96415373121124,22.0,22.0,25531.0,216.96407185744013
23,1,63066,3,21.5,Alum Rock & Alexander,51.0666292041292,2.99783966033966,54.06446886446887,POINT (6172874.74719499 1956810.05323264),6696236626,219.43328642892345,95.0,95.0,5230.0,173.2909583296868
23,1,63067,4,-5.764705882352941,Alum Rock & Jackson,96.30598568098569,26.79821012321012,123.10419580419575,POINT (6171311.78280124 1955913.3493174),65421289,530.6214432866548,68.0,68.0,17910.0,183.537114071164
23,1,63071,7,-22.257142857142856,Alum Rock & McCreery,49.84518814518814,22.765101565101556,72.6102897102897,POINT (6168809.38885592 1954484.07461689),65421264,273.19041893587814,18.0,18.0,16096.5,75.21580733002394
23,1,60426,8,-8.242424242424242,Alum Rock & King,176.5811196156784,91.3552925832337,267.93641219891214,POINT (6167485.29275084 1953720.69130115),65421253,393.54268733218396,118.0,118.0,28500.0,341.90444521001785
23,1,60428,9,6.885714285714286,Alum Rock & 33rd,79.13018566400918,26.64117336911454,105.7713590331237,POINT (6166691.40391867 1953260.28014848),65421247,356.5884551204748,20.0,20.0,14511.0,43.09053637859709
23,1,60429,10,-10.314285714285715,Santa Clara & 28th,85.32822879734645,56.89169906890496,142.21992786625142,POINT (6165234.65912874 1952419.54823415),65529824,526.6574419860497,30.0,30.0,24967.75,39.49441086932498
23,1,60431,11,-45.77142857142857,Santa Clara & 24th,161.8811642605759,85.95269322181085,247.83385748238675,POINT (6164019.37448584 1951715.55685998),65494694,371.01078687599926,15.0,15.0,11923.5,19.850007778775286
23,1,60433,12,-83.37142857142857,Santa Clara & 20th,117.40724781754196,49.47766130927899,166.8849091268209,POINT (6162816.90937108 1951037.64942315),65529813,393.05815537865544,21.0,21.0,17102.666666666668,341.9002386193197
23,1,60434,13,-86.48571428571428,Santa Clara & 17th,190.16335739423965,67.19104204618914,257.35439944042884,POINT (6162058.020797 1950595.79367957),65460546,288.24628750010345,69.0,69.0,16768.0,39.452754170876034
23,1,60435,14,-110.4,Santa Clara & 14th,46.11951732907617,18.283519340137,64.40303666921317,POINT (6161248.99518408 1950127.02165122),65519591,289.14483291282704,24.0,24.0,15372.0,140.03082512434528
23,1,60437,15,-105.25714285714285,Santa Clara & 11th,99.5592179878944,97.3992188367188,196.95843682461316,POINT (6160398.19767308 1949646.87267715),65529804,291.90046751247496,23.0,23.0,14241.666666666666,158.19718194810903
23,1,60438,16,-123.94285714285714,Santa Clara & 7th,164.5072665080018,312.8525174172233,477.359783925225,POINT (6159301.49973525 1949016.35359699),65468916,431.0674060802388,77.0,77.0,14389.0,217.622973257521
23,1,63264,18,63.470588235294116,2nd & Santa Clara,150.42211954711948,166.93421162171165,317.3563311688312,POINT (6157846.73263167 1947830.77361906),65419211,326.9960939032292,98.0,98.0,10873.545454545454,297.5166188543355
23,1,65462,19,78.76470588235294,2nd & Paseo de San Antonio,172.21560939060936,56.47356393606393,228.68917332667337,POINT (6158256.83351749 1947113.88102397),65419214,238.02645538466774,113.0,113.0,5593.0,188.5967230727624
23,1,64655,20,69.25714285714285,San Carlos & 2nd,58.173609723609744,18.31704129204129,76.490651015651,POINT (6158579.61666457 1946311.25828539),65419222,357.8157446123059,119.0,119.0,3830.0,260.45650770881116
23,1,60618,21,75.22857142857143,San Carlos & Market,51.79559190809188,39.89682400932402,91.69241591741589,POINT (6158128.21828917 1946048.84804906),741845189,229.2438437539176,119.0,119.0,3830.0,290.4728740804749
23,1,60623,25,-32.82857142857143,San Carlos & Josefa,4.629799367299367,8.819784382284384,13.449583749583748,POINT (6154964.71313325 1944116.10289881),65616832,316.6486169843615,108.0,108.0,12780.0,326.0993884229618
23,1,60624,26,-64.52941176470588,San Carlos & Barack Obama Blvd,110.7444260804555,49.20035471064885,159.94478079110422,POINT (6154555.78252067 1943820.34299165),580402370,177.5667871221684,10.0,10.0,15538.5,92.15937756455334
23,1,60626,28,-45.857142857142854,San Carlos & Lincoln,9.761725774225772,30.93060689310688,40.69233266733266,POINT (6151912.40198067 1943417.58723548),4894718758,693.3952155232331,109.0,109.0,18635.0,78.25992502353952
23,1,66001,29,-26.2,San Carlos & Meridian,156.29639086403796,174.04928951767187,330.34568038170977,POINT (6150710.01462166 1943405.86120906),281447614,497.6717878032828,57.0,57.0,19511.25,124.82578641445568
23,1,60631,31,-13.294117647058824,San Carlos & Shasta,1.467807192807194,10.872094572094577,12.339901764901777,POINT (6147582.34928907 1943425.60493597),353140137,429.5676419610835,60.0,60.0,17864.25,101.14060208131995
23,1,60632,32,-40.25714285714286,San Carlos & Wabash,26.72485847485848,65.76088911088908,92.48574758574756,POINT (6146712.32084541 1943430.84836382),444937870,262.7373284922527,97.0,97.0,21670.0,309.80822735717953
23,1,60634,33,-10.057142857142857,San Carlos & Bascom,105.8506661639015,128.12761013496305,233.97827629886456,POINT (6145412.95238116 1943448.51073006),1948671947,530.2965239111545,64.0,64.0,20418.0,294.43058785956026
23,1,60642,37,15.941176470588236,Stevens Creek & Henry,4.005731768231769,10.103937728937732,14.109669497169504,POINT (6138422.37876391 1943522.85113256),8152701674,358.86638769956875,51.0,51.0,31144.5,126.20491873833637
23,1,60643,38,-13.205882352941176,Stevens Creek & Cypress,45.21385314032374,89.98405369140664,135.19790683173034,POINT (6137101.69866249 1943535.41541189),6770488049,397.90160577760776,52.0,52.0,32046.0,113.1164474503139
23,1,60644,39,4.882352941176471,Stevens Creek & San Tomas,23.32932606609077,48.14805757967525,71.47738364576607,POINT (6135580.34376559 1943547.18015215),8152701664,545.8621361050812,112.0,112.0,29778.0,121.25401916394914
23,1,60645,40,6.151515151515151,Stevens Creek & Saratoga,21.30489094239096,59.9752206127206,81.28011155511155,POINT (6134134.80958316 1943553.8326979),2404194143,373.98018096839223,134.0,134.0,23530.5,145.98711815814065
23,1,60648,42,-3.5,Stevens Creek & Woodhams,36.17887529137529,37.2869005994006,73.46577589077587,POINT (6130547.788542 1943583.84871398),65430949,674.2133043915267,40.0,40.0,27332.0,342.22495730105635
25,0,60702,6,35.666666666666664,Bollinger & Blaney,10.000426779103249,4.9738065855712925,14.974233364674545,POINT (6118771.25402425 1938838.01306131),65419468,9637.043087129116,72.0,72.0,10210.25,111.07330418058045
25,0,60703,7,2.1666666666666665,Bollinger & Alderbrook,3.4449849170437425,5.134729404582345,8.579714321626085,POINT (6120349.64653675 1938935.8183119),65419450,9436.918411496526,70.0,70.0,16690.0,35.34558526809473
25,0,60704,8,-15.722222222222221,Bollinger & Miller,24.3691309507486,15.851436880113342,40.22056783086195,POINT (6122050.25796491 1939037.93064047),65419441,9183.620194565803,67.0,67.0,13266.333333333334,137.5286336143599
25,0,65695,10,52.11764705882353,Meridian & Curci,19.06460263592616,17.127066152801444,36.1916687887276,POINT (6150496.03932783 1937558.37979381),65443949,9094.071540104842,47.0,47.0,35810.0,51.76339699266572
25,0,60707,11,-32.63157894736842,Bollinger & Wunderlich,9.15947459403342,3.553238509856157,12.712713103889572,POINT (6126053.13316125 1938709.18851581),65419423,8868.907402952924,31.0,31.0,21751.0,335.01460902161557
25,0,60709,13,-11.105263157894736,Williams & Moorpark,11.984300176947237,5.622101019895139,17.60640119684236,POINT (6127387.63049224 1938380.51791331),65531864,9411.225729976864,104.0,104.0,16879.0,286.3010198874806
25,0,60742,13,2.125,Willow & Carolyn,1.403431372549019,2.377481097334037,3.7809124698830576,POINT (6153032.10577799 1937167.32677014),65628693,9546.755647990281,91.0,91.0,8488.666666666666,212.76130602408915
25,0,60711,15,-62.05263157894737,Williams & Marilla,4.870293758529051,6.603042953778248,11.4733367123073,POINT (6130153.97929025 1938225.44834156),65579045,8695.52029534802,94.0,94.0,5790.0,336.84424305405184
25,0,60745,15,7.5625,Willow & Kotenberg,5.684034511240392,5.055608525461464,10.739643036701858,POINT (6155167.16810891 1938337.75553164),65544807,9185.32884105557,6.0,6.0,536.0,211.33281134188553
25,0,60713,16,-49.5,Williams & Saratoga,63.222462994521806,26.350471260765357,89.57293425528721,POINT (6132086.313024 1938027.0051689),65470608,8765.39184250462,28.0,28.0,9424.0,212.2055212113278
25,0,60747,17,-19.625,Willow & Delmas,4.358292197998079,5.57107035121741,9.929362549215488,POINT (6156302.57659924 1939110.64703047),1709219281,8810.177478297737,82.0,82.0,12296.0,37.63158426942337
25,0,60716,19,-71.89473684210526,Williams & Boynton,46.94228851214147,18.152914732326497,65.095203244468,POINT (6135464.84662125 1938140.66471848),65493935,8338.37131149622,84.0,84.0,11556.0,111.49352457496096
25,0,60717,20,-34.10526315789474,Williams & Phelps,6.685995785260495,5.413977362506772,12.099973147767267,POINT (6136903.77615808 1938195.7312094),65579006,8487.575961805827,132.0,132.0,1820.0,213.74330954703652
25,0,60751,20,-94.76470588235294,Willow & Palm,34.65036099521395,27.268805867335285,61.91916686254922,POINT (6158996.70933433 1941013.71671514),4908522190,8127.633561801769,125.0,125.0,7738.0,134.79395124898733
25,0,60719,21,-82.57894736842105,Williams & Eden,3.1267273576097088,7.76262585453762,10.889353212147332,POINT (6138570.16357332 1938176.32803299),65579002,7760.507392580461,92.0,92.0,7940.0,136.34809690627335
25,0,60752,21,-97.94117647058823,Willow & Almaden,79.0114603533721,44.15866935352232,123.17012970689444,POINT (6159710.54550508 1941514.78395449),65512104,7866.361786554719,1.0,1.0,8385.0,89.33982974905837
25,0,60754,23,-72.4375,Keyes & 1st,286.23221753736453,138.58115642527406,424.8133739626387,POINT (6161172.77814491 1941965.88049322),5310645282,7967.930547658237,75.0,75.0,10071.833333333334,210.53524730990517
25,0,60756,25,-59.76470588235294,Keyes & 7th,25.164439563704278,21.98316520081225,47.14760476451653,POINT (6162873.96339083 1942929.54195173),65468873,7079.192780554725,136.0,136.0,12448.0,228.974104074951
25,0,60757,26,-100.6470588235294,Keyes & 10th,83.94091692621106,93.2060557089968,177.14697263520793,POINT (6163849.96143883 1943488.77902223),1081152520,363.0419814127794,25.0,25.0,20370.666666666668,77.729550976618
25,0,60758,27,-120.6470588235294,Keyes & 12th,170.61400290885575,88.43069757040352,259.04470047925935,POINT (6164384.22021283 1943790.8578144),1081079731,7119.258741208039,152.0,152.0,23284.0,277.36602609619825
25,0,60759,28,-120.47058823529412,Story & Roberts,80.07396892323364,130.54516496575323,210.61913388898688,POINT (6166565.76473425 1945108.96574248),3969357988,7450.370791849496,39.0,39.0,25314.666666666668,312.8212651870057
25,0,60760,29,-76.3529411764706,Story & Lucretia,91.3805226636109,91.2846911258676,182.6652137894785,POINT (6167160.20022516 1945614.87221098),65544912,7502.297469896063,53.0,53.0,30827.0,152.37525245065262
25,0,60761,30,116.8125,Story & McLaughlin,171.772513189425,94.07342200283377,265.8459351922587,POINT (6168258.17276675 1946518.43077131),3969371809,941.8660066591948,14.0,14.0,27548.0,156.46598570604962
25,0,60762,31,121.42857142857143,Story & King,215.48002055134404,364.2670808766398,579.7471014279838,POINT (6171360.53795308 1949080.63201173),3641101787,8413.184270414064,58.0,58.0,31280.25,183.67207691409388
25,0,60764,32,167.5,Story & Hopkins,36.87672939805296,38.51030587059999,75.38703526865285,POINT (6172977.51995534 1950414.26878014),65558978,8656.583309528269,123.0,123.0,24559.0,191.59913153865384
25,0,60766,34,90.625,Story & Jackson,30.339448460036696,63.88956484691776,94.22901330695451,POINT (6174512.613998 1951683.9837604),65508144,9201.922268559221,37.0,37.0,22968.0,196.50501250483003
25,0,60767,35,76.625,Story & Leeward,7.897345138521608,29.864654299948413,37.76199943847003,POINT (6174997.99262041 1952084.91701365),65617609,247.36844863731835,100.0,100.0,27702.0,297.44703603352974
25,0,65695,35,-42.26315789473684,Meridian & Curci,19.06460263592616,17.127066152801444,36.1916687887276,POINT (6150496.03932783 1937558.37979381),65443949,9444.337332091714,47.0,47.0,35810.0,51.76339699266572
25,0,60768,36,29.1875,Story & Capitol,21.68505987476576,30.6551850926851,52.34024496745086,POINT (6175728.61911191 1952684.1116814),65636358,9261.335733073975,122.0,122.0,26146.0,248.80769293530315
25,0,60769,37,44.375,Story & McGinness,20.793525102348628,83.14459813062756,103.93812323297614,POINT (6176832.8554205 1953618.87195098),65617624,9200.300047577506,89.0,89.0,25744.0,148.24049858020294
25,0,60770,38,22.625,Story & Lyndale,9.410116354233995,68.03316936331643,77.44328571755042,POINT (6177459.89583308 1954134.36895148),65603438,283.1640474622942,54.0,54.0,28920.0,160.7922554045777
25,0,60742,38,-90.61111111111111,Willow & Carolyn,1.403431372549019,2.377481097334037,3.7809124698830576,POINT (6153032.10577799 1937167.32677014),65628693,9131.838465659914,91.0,91.0,8488.666666666666,212.76130602408915
25,0,60745,40,-30.333333333333332,Willow & Kotenberg,5.684034511240392,5.055608525461464,10.739643036701858,POINT (6155167.16810891 1938337.75553164),65544807,8886.5473158315,6.0,6.0,536.0,211.33281134188553
25,0,60747,42,-60.05555555555556,Willow & Delmas,4.358292197998079,5.57107035121741,9.929362549215488,POINT (6156302.57659924 1939110.64703047),1709219281,8997.95122784482,82.0,82.0,12296.0,37.63158426942337
25,0,63603,42,5.0,White & Florence,19.197741147741148,28.73718520042049,47.93492634816164,POINT (6176416.50946841 1957533.08525115),65459277,9248.034268442198,139.0,139.0,22307.0,106.74193617734366
25,0,63062,43,26.5,Alum Rock & White,38.32730904716203,95.94482298747003,134.27213203463202,POINT (6175612.363767 1958378.73513465),4974843267,8897.473981605155,17.0,17.0,23085.5,89.69468041719632
25,0,63864,45,1.1875,Capitol & Alum Rock,7.030726952785773,175.992697743433,183.0234246962188,POINT (6173689.97423908 1956967.73664431),4883398882,8520.414309502383,22.0,22.0,25531.0,216.96407185744013
25,0,60751,45,-119.5,Willow & Palm,34.65036099521395,27.268805867335285,61.91916686254922,POINT (6158996.70933433 1941013.71671514),4908522190,7870.928199080595,125.0,125.0,7738.0,134.79395124898733
25,0,60752,46,-112.61111111111111,Willow & Almaden,79.0114603533721,44.15866935352232,123.17012970689444,POINT (6159710.54550508 1941514.78395449),65512104,298.3558682211325,1.0,1.0,8385.0,89.33982974905837
25,0,60754,48,-104.0,Keyes & 1st,286.23221753736453,138.58115642527406,424.8133739626387,POINT (6161172.77814491 1941965.88049322),5310645282,290.74638061495443,75.0,75.0,10071.833333333334,210.53524730990517
25,0,60756,50,-64.94117647058823,Keyes & 7th,25.164439563704278,21.98316520081225,47.14760476451653,POINT (6162873.96339083 1942929.54195173),65468873,218.96395579981237,136.0,136.0,12448.0,228.974104074951
25,0,60757,51,-73.58823529411765,Keyes & 10th,83.94091692621106,93.2060557089968,177.14697263520793,POINT (6163849.96143883 1943488.77902223),1081152520,363.0419814127794,25.0,25.0,20370.666666666668,77.729550976618
25,0,60758,52,-83.58823529411765,Keyes & 12th,170.61400290885575,88.43069757040352,259.04470047925935,POINT (6164384.22021283 1943790.8578144),1081079731,391.39607739395404,152.0,152.0,23284.0,277.36602609619825
25,0,60759,53,-117.88235294117646,Story & Roberts,80.07396892323364,130.54516496575323,210.61913388898688,POINT (6166565.76473425 1945108.96574248),3969357988,804.6334517641726,39.0,39.0,25314.666666666668,312.8212651870057
25,0,60760,54,-20.705882352941178,Story & Lucretia,91.3805226636109,91.2846911258676,182.6652137894785,POINT (6167160.20022516 1945614.87221098),65544912,228.08661312486808,53.0,53.0,30827.0,152.37525245065262
25,0,60761,55,206.7058823529412,Story & McLaughlin,171.772513189425,94.07342200283377,265.8459351922587,POINT (6168258.17276675 1946518.43077131),3969371809,941.8660066591948,14.0,14.0,27548.0,156.46598570604962
25,0,60762,56,149.8125,Story & King,215.48002055134404,364.2670808766398,579.7471014279838,POINT (6171360.53795308 1949080.63201173),3641101787,1293.1359823862522,58.0,58.0,31280.25,183.67207691409388
25,0,60764,57,156.0,Story & Hopkins,36.87672939805296,38.51030587059999,75.38703526865285,POINT (6172977.51995534 1950414.26878014),65558978,638.4136297426035,123.0,123.0,24559.0,191.59913153865384
25,0,60766,59,80.76470588235294,Story & Jackson,30.339448460036696,63.88956484691776,94.22901330695451,POINT (6174512.613998 1951683.9837604),65508144,425.165750684847,37.0,37.0,22968.0,196.50501250483003
25,0,60767,60,66.17647058823529,Story & Leeward,7.897345138521608,29.864654299948413,37.76199943847003,POINT (6174997.99262041 1952084.91701365),65617609,247.36844863731835,100.0,100.0,27702.0,297.44703603352974
25,0,60768,61,36.470588235294116,Story & Capitol,21.68505987476576,30.6551850926851,52.34024496745086,POINT (6175728.61911191 1952684.1116814),65636358,288.97747504630064,122.0,122.0,26146.0,248.80769293530315
25,0,60769,62,101.3529411764706,Story & McGinness,20.793525102348628,83.14459813062756,103.93812323297614,POINT (6176832.8554205 1953618.87195098),65617624,653.8516486860433,89.0,89.0,25744.0,148.24049858020294
25,0,60770,63,78.76470588235294,Story & Lyndale,9.410116354233995,68.03316936331643,77.44328571755042,POINT (6177459.89583308 1954134.36895148),65603438,283.1640474622942,54.0,54.0,28920.0,160.7922554045777
25,0,63603,67,124.88235294117646,White & Florence,19.197741147741148,28.73718520042049,47.93492634816164,POINT (6176416.50946841 1957533.08525115),65459277,276.98193419863424,139.0,139.0,22307.0,106.74193617734366
25,0,63062,68,168.58823529411765,Alum Rock & White,38.32730904716203,95.94482298747003,134.27213203463202,POINT (6175612.363767 1958378.73513465),4974843267,375.9948689585171,17.0,17.0,23085.5,89.69468041719632
25,0,63864,70,144.88235294117646,Capitol & Alum Rock,7.030726952785773,175.992697743433,183.0234246962188,POINT (6173689.97423908 1956967.73664431),4883398882,522.1870432810211,22.0,22.0,25531.0,216.96407185744013
25,1,63681,4,123.125,White & Alum Rock,129.13752930076458,61.804011674599934,190.9415409753645,POINT (6175889.93342184 1958153.76281556),65421328,262.29532686452234,17.0,17.0,23085.5,280.21280757641296
25,1,60780,6,118.0,White & Woodhaven,38.59969205630974,38.3356050811933,76.93529713750301,POINT (6177400.8779065 1956026.54725373),65534611,407.5931914945497,121.0,121.0,25204.0,279.0516990378052
25,1,60781,7,124.15625,Story & White,233.53914525017467,59.00950552715257,292.5486507773273,POINT (6178123.43518841 1954766.25449874),65597906,523.8998141353823,124.0,124.0,30697.0,225.22234983021266
25,1,60783,9,143.3548387096774,Story & McGinness,40.39509403994698,15.118476947888714,55.513570987835685,POINT (6176640.17568775 1953560.78742148),65617624,283.16404746229415,89.0,89.0,25744.0,110.562822350962
25,1,60784,10,167.80645161290323,Story & Capitol,43.60537664949429,18.07894458482693,61.68432123432124,POINT (6175812.721634 1952874.82028948),282825643,326.97989798215815,122.0,122.0,26146.0,70.97822528782216
25,1,60785,11,158.41935483870967,Story & Leeward,33.48947988286225,13.438873789609085,46.92835367247133,POINT (6174936.14366275 1952151.34142148),1081079615,474.40936883042525,100.0,100.0,27702.0,301.6435345049663
25,1,60786,12,137.46875,Story & Jackson,135.10044457176804,43.209926837868025,178.3103714096361,POINT (6174062.18215609 1951431.13026348),1081079681,238.5115254168698,37.0,37.0,22968.0,331.82185768565205
25,1,60787,13,119.5,Story & Hopkins,43.60540831717303,29.58583491671727,73.19124323389028,POINT (6172861.34630316 1950442.87535022),1081079704,569.6941093401881,123.0,123.0,24559.0,120.48062518885527
25,1,60789,14,139.46666666666667,Story & King,348.70282070870303,210.53319254275144,559.2360132514544,POINT (6171412.06081592 1949247.03358181),3641101782,638.3066036850707,58.0,58.0,31280.25,349.27250630571206
25,1,65824,17,284.1875,Story & Remillard,30.50970704132468,12.484204520969223,42.99391156229393,POINT (6166046.57942091 1944820.09853806),1081079699,391.3647354005703,39.0,39.0,25314.666666666668,281.8569456425051
25,1,60793,19,246.125,Keyes & 10th,50.8514142720025,54.83686387142269,105.6882781434252,POINT (6163568.90786707 1943400.03346482),1081152552,850.709574516421,25.0,25.0,20370.666666666668,308.81737304652097
25,1,60794,20,235.21875,Keyes & 7th,20.675411598205717,24.376415577886167,45.05182717609189,POINT (6162665.62095974 1942881.61619456),65468873,287.3293307974751,136.0,136.0,12448.0,270.91541989546755
25,1,60797,23,238.59375,Willow & Almaden,46.216171491906806,76.70793373293375,122.92410522484047,POINT (6159680.91400266 1941536.70615473),65512104,456.08069183297243,1.0,1.0,8385.0,76.24864774350839
25,1,60798,24,222.0,Willow & Palm,29.52598749289925,38.7044058882294,68.23039338112865,POINT (6158841.88418466 1940947.91369714),10142276689,310.21657586624684,125.0,125.0,7738.0,33.787361197982634
25,1,60801,26,-65.0,Willow & Shepherd,6.882231738849385,10.630755927079456,17.51298766592885,POINT (6156345.51516166 1939201.04350322),1709219281,420.155691392344,82.0,82.0,12296.0,64.48071699797818
25,1,60801,27,243.84848484848484,Willow & Shepherd,6.882231738849385,10.630755927079456,17.51298766592885,POINT (6156345.51516166 1939201.04350322),1709219281,420.155691392344,82.0,82.0,12296.0,64.48071699797818
25,1,60802,27,-68.0,Willow & Bird,7.715981240981239,19.87258248287659,27.588563723857828,POINT (6155535.896046 1938624.29367247),1079893374,304.73176507257443,6.0,6.0,536.0,268.92646443884934
25,1,60802,28,263.24242424242425,Willow & Bird,7.715981240981239,19.87258248287659,27.588563723857828,POINT (6155535.896046 1938624.29367247),1079893374,0.0,6.0,6.0,536.0,268.92646443884934
25,1,60803,28,-85.0,Willow & Chabrant,3.869756142550261,3.489330767271944,7.359086909822203,POINT (6155125.65211584 1938362.40935373),65544807,150.49578099549566,6.0,6.0,536.0,243.29858970497128
25,1,60803,29,247.54545454545453,Willow & Chabrant,3.869756142550261,3.489330767271944,7.359086909822203,POINT (6155125.65211584 1938362.40935373),65544807,0.0,6.0,6.0,536.0,243.29858970497128
25,1,60805,30,-51.0,Willow & Carolyn,1.4002307333189683,2.3633026287438046,3.763533362062774,POINT (6153023.68125416 1937206.78075948),65628693,376.53422158247224,91.0,91.0,8488.666666666666,200.1753712627713
25,1,60805,31,275.54545454545456,Willow & Carolyn,1.4002307333189683,2.3633026287438046,3.763533362062774,POINT (6153023.68125416 1937206.78075948),65628693,0.0,91.0,91.0,8488.666666666666,200.1753712627713
25,1,65696,33,-160.0,Meridian & Curci,17.513510345863274,21.393289308730463,38.90679965459377,POINT (6150608.42853874 1937739.11860557),65443949,462.0122075185947,47.0,47.0,35810.0,169.40117306493372
25,1,65696,34,189.5151515151515,Meridian & Curci,17.513510345863274,21.393289308730463,38.90679965459377,POINT (6150608.42853874 1937739.11860557),65443949,0.0,47.0,47.0,35810.0,169.40117306493372
25,1,60820,40,-14.0,Moorpark & Thornton,28.83355239531709,5.88636159592042,34.71991399123752,POINT (6143153.42310758 1940806.69580373),65501721,473.617146198382,55.0,55.0,27488.0,38.4041347119074
25,1,60820,41,347.0625,Moorpark & Thornton,28.83355239531709,5.88636159592042,34.71991399123752,POINT (6143153.42310758 1940806.69580373),65501721,473.617146198382,55.0,55.0,27488.0,38.4041347119074
25,1,60826,45,-57.0,Williams & Eden,6.501739518651275,3.610068036538624,10.111807555189907,POINT (6138352.39891699 1938238.70618907),65428607,578.7055628805881,92.0,92.0,7940.0,90.50456244523726
25,1,60828,46,-66.0,Williams & Cypress,6.833354227471877,6.998394334423747,13.831748561895616,POINT (6137010.25133882 1938252.69730282),65577767,317.36059104958736,132.0,132.0,1820.0,323.7491705544021
25,1,60826,46,261.8125,Williams & Eden,6.501739518651275,3.610068036538624,10.111807555189907,POINT (6138352.39891699 1938238.70618907),65428607,317.36059104958736,92.0,92.0,7940.0,90.50456244523726
25,1,60828,47,220.6875,Williams & Cypress,6.833354227471877,6.998394334423747,13.831748561895616,POINT (6137010.25133882 1938252.69730282),65577767,317.36059104958736,132.0,132.0,1820.0,323.7491705544021
25,1,60829,47,-72.0,Williams & Boynton,15.99423280967398,33.258481795981815,49.25271460565576,POINT (6135004.97122866 1938158.79493156),65579019,723.224964248327,85.0,85.0,11529.0,126.02709607089974
25,1,60829,48,238.9375,Williams & Boynton,15.99423280967398,33.258481795981815,49.25271460565576,POINT (6135004.97122866 1938158.79493156),65579019,0.0,85.0,85.0,11529.0,126.02709607089974
25,1,60832,50,-107.0,Williams & Saratoga,27.995657773598943,49.57511916188383,77.5707769354828,POINT (6131781.30641617 1938108.29273598),317528773,335.37045445275373,28.0,28.0,9424.0,105.56117410530909
25,1,60832,51,224.53333333333333,Williams & Saratoga,27.995657773598943,49.57511916188383,77.5707769354828,POINT (6131781.30641617 1938108.29273598),317528773,0.0,28.0,28.0,9424.0,105.56117410530909
25,1,60833,51,-44.0,Williams & Leo,4.657678432678432,2.541709515974221,7.199387948652652,POINT (6130812.83427174 1938245.59790756),65457838,303.01256383200166,94.0,94.0,5790.0,323.4360001550214
25,1,60833,52,244.66666666666666,Williams & Leo,4.657678432678432,2.541709515974221,7.199387948652652,POINT (6130812.83427174 1938245.59790756),65457838,0.0,94.0,94.0,5790.0,323.4360001550214
25,1,60836,54,-117.0,Moorpark & Lawrence,7.128700874289101,11.425299455446517,18.55400032973561,POINT (6127002.98526417 1938664.86905065),3681667260,549.4729014446149,104.0,104.0,16879.0,250.6994757084483
25,1,60836,55,209.2,Moorpark & Lawrence,7.128700874289101,11.425299455446517,18.55400032973561,POINT (6127002.98526417 1938664.86905065),3681667260,0.0,104.0,104.0,16879.0,250.6994757084483
25,1,60841,59,-71.0,Bollinger & Alderbrook,2.205319925172866,2.135801698301698,4.3411216234745655,POINT (6120225.71732266 1938988.44517514),65419450,378.714582642437,70.0,70.0,16690.0,141.81461097340292
25,1,60841,60,182.86666666666667,Bollinger & Alderbrook,2.205319925172866,2.135801698301698,4.3411216234745655,POINT (6120225.71732266 1938988.44517514),65419450,378.714582642437,70.0,70.0,16690.0,141.81461097340292
25,1,60842,60,-144.0,Bollinger & Blaney,5.286091196385315,13.059766948737542,18.34585814512284,POINT (6118507.0035685 1939008.00386307),65419468,496.56801207605525,72.0,72.0,10210.25,203.98555648509563
25,1,60842,61,131.86666666666667,Bollinger & Blaney,5.286091196385315,13.059766948737542,18.34585814512284,POINT (6118507.0035685 1939008.00386307),65419468,0.0,72.0,72.0,10210.25,203.98555648509563
60,0,62712,8,46.0,Winchester & Driftwood,61.78168514492043,11.820323630617752,73.60200877553818,POINT (6139988.46093358 1934516.12472348),65622472,625.1163270767001,49.0,49.0,30857.0,167.48002462597185
60,0,62714,10,-4.125,Winchester & Walgrove,20.727778104248685,11.907730912877968,32.635509017126665,POINT (6140009.64855525 1937442.07950148),4176817847,1132.9696636089718,46.0,46.0,36410.0,63.214583249138165
60,0,65907,16,11.46875,WINCHESTER & STEVENS CREEK,66.80991606432782,115.36421805318864,182.1741341175165,POINT (6140061.03231074 1943836.79604273),65588631,420.36573274299764,138.0,138.0,22420.0,159.20690284978986
60,0,62721,19,33.193548387096776,Winchester & Kenwood,12.824670754082511,7.588334296422531,20.41300505050505,POINT (6140087.16185166 1946968.0561844),65499735,194.4711162864308,137.0,137.0,10547.0,126.86113983109713
60,0,65952,33,-22.71875,SKYPORT & TECHNOLOGY,10.974962619080264,27.90470820029643,38.87967081937671,POINT (6150083.01521949 1958642.0761434),312128052,1455.2015426818102,11.0,11.0,12206.0,176.01333991925375
60,0,65867,34,-72.21875,1ST & METRO,57.75118639530409,111.31920832435536,169.07039471965945,POINT (6150544.902091 1959913.96894081),65459893,801.7772670076627,133.0,133.0,15952.0,95.99147977067412
60,0,62639,38,-138.9375,Brokaw & Junction,15.086808452984917,15.936890070713602,31.023698523698503,POINT (6152470.88380332 1963985.19636264),5249692824,265.10789311338146,7.0,7.0,8306.0,240.78581485027587
60,0,62640,39,-181.65625,Brokaw & Ridder Park,8.240647179617767,24.585475472240173,32.82612265185795,POINT (6154888.25560899 1964720.18111314),65513082,815.6872575404768,4.0,4.0,49988.0,103.34909132236479
60,0,62641,40,-188.875,Murphy & Oakland,29.275514926250217,49.64635389120686,78.92186881745704,POINT (6156364.32745999 1964773.1504954),1700604367,485.4336690052404,3.0,3.0,42373.5,193.0313049854896
60,0,65815,42,-96.93548387096774,Lundy & Hostetter,20.5284603468427,88.81212986360043,109.34059021044308,POINT (6158904.9070245 1966697.76967764),1081488626,540.2017693313493,9.0,9.0,22804.5,305.1147159761002
60,0,63919,44,-185.61290322580646,Lundy & Commerce,2.8159077850254333,6.626229081376137,9.442136866401569,POINT (6157704.89859775 1969220.16194256),1081488483,297.7695044032244,8.0,8.0,15291.0,132.66813510267258
60,0,63922,47,-261.8125,Trade Zone & Lundy,0.5499500499500496,7.18737406384465,7.737324113794701,POINT (6157459.64613549 1972401.70118314),1081488521,298.08701780772213,61.0,61.0,21185.0,299.66795914181927
60,1,63943,4,212.96875,Lundy & Trade Zone,13.44915288959406,0.7119291656056357,14.161082055199698,POINT (6157700.0275445 1972078.77236706),1081488549,429.9143295861623,61.0,61.0,21185.0,250.26311939672146
60,1,63946,7,101.40625,Lundy & Commerce,5.138535320888265,2.93398847884142,8.07252379972968,POINT (6157634.2284635 1969098.13134673),65437511,307.4175874808092,8.0,8.0,15291.0,34.883557590117555
60,1,62672,9,14.903225806451612,Murphy & Lundy,46.003030711118925,15.219604251957191,61.22263496307615,POINT (6158790.47779141 1966426.72067906),1081488822,596.3615486986666,9.0,9.0,22804.5,147.72399004918168
60,1,62674,11,-8.516129032258064,Brokaw & Oakland,39.5160426175132,22.282154365242597,61.79819698275583,POINT (6155723.91043374 1964949.84732048),5031224625,664.2331512625346,42.0,42.0,43256.0,215.59804229421388
60,1,62675,12,33.25,Brokaw & Ridder Park,12.171857309357303,6.0799688873218285,18.251826196679144,POINT (6154620.67510742 1964703.79367873),312712438,334.23352758084445,4.0,4.0,49988.0,167.26563263071859
60,1,60014,15,-124.375,1st & Metro @ Metro Station,99.06068620921565,57.99546564546564,157.05615185468125,POINT (6150233.01229483 1960218.74228139),614067150,402.8579454715449,74.0,74.0,14770.0,55.32829110832455
60,1,64656,16,-8.75,Skyport & Technology,24.34074960986725,11.627225633843278,35.967975243710555,POINT (6150015.83228299 1958735.22195448),65438640,665.6396954012499,11.0,11.0,12206.0,150.2099319121758
60,1,64522,19,-27.46875,Coleman & Newhall,9.337528321351853,11.463358047181574,20.80088636853342,POINT (6148015.44717616 1953852.15429281),3633625399,3256.7404537613684,135.0,135.0,16863.0,209.39157675322508
60,1,62751,33,-135.36363636363637,Winchester & Dolores,10.632434966993795,11.788508142184613,22.4209431091784,POINT (6140017.50615108 1946826.39012915),65657522,234.3385122345848,137.0,137.0,10547.0,265.0925966645392
522,0,60400,17,-299.1764705882353,The Alameda & Naglee,160.79183879845644,129.70788231376463,290.49972111222115,POINT (6148984.787101 1948553.67702889),65539392,2572.096759275535,86.0,86.0,21743.333333333332,83.7860798822303
522,0,60403,18,-388.9117647058824,The Alameda & Hanchett,120.07972232016344,68.30533192297897,188.3850542431425,POINT (6150818.96880008 1946595.94603623),3678132173,808.9831651194118,127.0,127.0,23240.0,342.564864357234
522,0,60408,19,-422.38235294117646,Santa Clara & Montgomery,201.4695195327548,133.47078999431943,334.9403095270741,POINT (6154169.72161299 1946352.91929132),3608334971,1082.7415107869847,19.0,19.0,9158.75,234.447282842798
522,0,65850,21,-347.1212121212121,Santa Clara & 2nd,302.12006930977526,329.5230968378028,631.6431661475775,POINT (6157671.70509458 1947988.13321248),65419211,545.5850019888107,98.0,98.0,10873.545454545454,140.68341035480702
522,0,60413,22,-257.7352941176471,Santa Clara & 6th,2008.3313936880124,1159.265020110608,3167.5964137986184,POINT (6158928.50802717 1948704.70395781),65529799,436.01436494100227,77.0,77.0,14389.0,268.5102785978346
522,0,60418,23,-302.97058823529414,Santa Clara & 17th,74.73168653242185,195.31395124483356,270.04563777725554,POINT (6162125.66469058 1950549.64613406),65460546,1120.609599446762,69.0,69.0,16768.0,56.47035695870154
522,0,60420,24,-336.70588235294116,Santa Clara & 24th,95.10504046606988,123.49301597095712,218.59805643702703,POINT (6164064.792374 1951680.29938456),65494694,681.3044428787589,15.0,15.0,11923.5,58.81272963832962
522,0,65856,25,-270.2857142857143,Alum Rock & King,34.55937534687534,87.99397546897548,122.55335081585078,POINT (6167823.32193041 1953857.80979331),4883398844,1266.2658718384623,118.0,118.0,28500.0,24.92620500507642
522,0,65858,26,-285.4,Alum Rock & Jackson,29.864699189699213,113.24741924741922,143.11211843711848,POINT (6171354.06880592 1955882.5186704),65421289,1411.0415745257096,68.0,68.0,17910.0,159.70808649342823
522,0,61884,29,-376.38235294117646,Capitol & Ocala,18.929513950102184,64.27853772044949,83.20805167055167,POINT (6178010.75988883 1948961.63257781),65514354,2045.0680989767227,59.0,59.0,23743.0,337.64364363768595
522,1,65857,7,-281.61290322580646,Alum Rock & King,84.49004329004329,25.28002830502831,109.7700715950716,POINT (6167491.05323799 1953696.9383959),65421253,1246.179959044059,118.0,118.0,28500.0,347.0066354869656
522,1,60431,8,-293.258064516129,Santa Clara & 24th,161.8811642605759,85.95269322181085,247.83385748238675,POINT (6164019.37448584 1951715.55685998),65494694,1254.2566839825238,15.0,15.0,11923.5,19.850007778775286
522,1,60434,9,-328.4516129032258,Santa Clara & 17th,190.16335739423965,67.19104204618914,257.35439944042884,POINT (6162058.020797 1950595.79367957),65460546,681.3044428787589,69.0,69.0,16768.0,39.452754170876034
522,1,60440,11,-270.9032258064516,Santa Clara & 1st,242.83936618936627,270.7777431718608,513.6171093612268,POINT (6157509.51184942 1947971.97084323),65459833,442.25282434545784,98.0,98.0,10873.545454545454,83.32123051170058
522,1,60445,13,-178.15625,Santa Clara & Cahill,115.76268690459868,129.75330617095318,245.515993075552,POINT (6154143.02940917 1946434.52313073),65425223,571.0195011798261,19.0,19.0,9158.75,273.0734633340088
522,1,60452,15,-246.6875,The Alameda & Taylor,145.55305185011065,124.8877442818619,270.44079613197255,POINT (6149022.07508416 1948635.04432023),3608363133,964.1086637423301,86.0,86.0,21743.333333333332,33.83270160673311
523,0,60586,19,-191.5909090909091,Stevens Creek & Cypress,83.05321067821069,54.80013638322463,137.85334706143533,POINT (6137329.6076555 1943436.45366757),4179596801,1394.4708248395907,52.0,52.0,32046.0,135.36455665718643
523,0,60603,24,-338.8181818181818,San Carlos & Barack Obama Blvd,63.277347244259055,112.40770512167572,175.68505236593475,POINT (6154646.17735299 1943797.87026756),580402450,1350.5674627483481,10.0,10.0,15538.5,175.78694960421706
523,0,60607,25,-431.77272727272725,San Carlos & Convention Center,21.843207038059973,130.62349382643504,152.46670086449504,POINT (6157817.57652199 1945749.03335997),3632374240,1300.8848515419859,115.0,115.0,14997.0,83.07950689183669
523,0,65850,27,-389.0,Santa Clara & 2nd,302.12006930977526,329.5230968378028,631.6431661475775,POINT (6157671.70509458 1947988.13321248),65419211,794.1882199013878,98.0,98.0,10873.545454545454,140.68341035480702
523,0,60413,28,-442.9166666666667,Santa Clara & 6th,2008.3313936880124,1159.265020110608,3167.5964137986184,POINT (6158928.50802717 1948704.70395781),65529799,436.01436494100227,77.0,77.0,14389.0,268.5102785978346
523,0,62943,29,-413.625,7th & Santa Clara,143.2345149948091,177.93838253250016,321.17289752730915,POINT (6159407.56710841 1948678.3165434),65468916,108.49689294122119,77.0,77.0,14389.0,333.34581061411035
523,1,60624,6,-108.29166666666667,San Carlos & Barack Obama Blvd,110.7444260804555,49.20035471064885,159.94478079110422,POINT (6154555.78252067 1943820.34299165),580402370,2359.1216995402383,10.0,10.0,15538.5,92.15937756455334
523,1,66001,7,-107.5,San Carlos & Meridian,156.29639086403796,174.04928951767187,330.34568038170977,POINT (6150710.01462166 1943405.86120906),281447614,1229.115171401289,57.0,57.0,19511.25,124.82578641445568
523,1,60634,8,-92.375,San Carlos & Bascom,105.8506661639015,128.12761013496305,233.97827629886456,POINT (6145412.95238116 1943448.51073006),1948671947,1682.0626086868353,64.0,64.0,20418.0,294.43058785956026
523,1,60643,11,-200.6086956521739,Stevens Creek & Cypress,45.21385314032374,89.98405369140664,135.19790683173034,POINT (6137101.69866249 1943535.41541189),6770488049,756.7679934771764,52.0,52.0,32046.0,113.1164474503139
