,route_id,direction_id,stop_id,stop_sequence,mean_delay,stop_name,boardings,alightings,total_b_a,geometry,proj_dist,spacing
0,22,0,60328,2,139.5,Palo Alto Transit Center (Bay 10),733.9948585727998,0.2380952380952384,734.176676754618,POINT (6078107.96035099 1988346.45439856),0.0,
1,22,0,60329,3,196.0,El Camino & Palm,12.793263517528224,3.426026751026751,16.21929026855498,POINT (6079055.87151292 1986640.97191715),1912.4839860462664,1912.4839860462664
2,22,0,60330,4,173.0,El Camino & Galvez,66.45979102596746,7.4282283892578,73.88801941522533,POINT (6079788.22634742 1985807.8761424),3020.9523727545075,1108.468386708241
3,22,0,60331,5,146.5,El Camino & Sam McDonald,4.579659882601059,0.2625,4.84215988260106,POINT (6080518.11694799 1984980.67143197),4125.16466169995,1104.2122889454422
4,22,0,60332,6,158.66666666666666,El Camino & Churchill,4.251791101055807,1.0556489262371618,5.307440027292967,POINT (6081284.45957541 1984093.84840249),5297.244256719997,1172.0795950200472
5,22,0,60333,7,124.33333333333333,El Camino & Serra,14.807890557155256,3.132273690361927,17.94016424751717,POINT (6082149.76788417 1983118.26636414),6601.228022163916,1303.9837654439189
6,22,0,60334,8,86.66666666666667,El Camino & Oxford,6.582965727083374,8.09194220811868,14.674907935202054,POINT (6083068.09708424 1982066.03356048),7998.561397220524,1397.333375056608
7,22,0,60335,9,85.0,El Camino & California,104.72777900204368,45.388473209796736,150.11625221184042,POINT (6083824.35869507 1981339.69413389),9047.640232065263,1049.0788348447395
8,22,0,60336,10,126.66666666666667,El Camino & Page Mill,71.98633047279519,18.622602534067237,90.60863300686248,POINT (6085022.45013091 1980516.03895706),10502.684466713952,1455.0442346486889
9,22,0,60337,11,109.0,El Camino & Hansen,19.66011594614536,5.938856405032873,25.598972351178237,POINT (6086134.1431175 1979763.50437289),11844.395894644971,1341.711427931019
10,22,0,60338,12,93.66666666666667,El Camino & Matadero,13.394566462948818,11.32767893870835,24.72224540165715,POINT (6087064.91619033 1979142.36060207),12964.077620063019,1119.6817254180478
11,22,0,60339,13,85.33333333333333,El Camino & Barron,18.25715999686588,17.555385872297638,35.81254586916349,POINT (6087694.06945957 1978711.50221181),13726.590142781219,762.5125227181998
12,22,0,60340,14,88.66666666666667,El Camino & Los Robles,20.75738722062251,13.965986382898148,34.72337360352065,POINT (6088605.43377858 1978089.29413864),14830.754241712302,1104.1640989310836
13,22,0,60341,15,83.33333333333333,El Camino & Vista,16.23884114251761,11.142951329716034,27.38179247223364,POINT (6089308.15218942 1977359.31069048),15855.540069341476,1024.7858276291736
14,22,0,60342,16,65.33333333333333,El Camino & Maybell,12.098414167531812,11.750090432443372,23.84850459997517,POINT (6089784.94716758 1976597.58025856),16755.40423382991,899.8641644884356
15,22,0,60343,17,93.0,El Camino & Arastradero,66.26076929606343,36.60595572727924,102.86672502334268,POINT (6090330.29056507 1975716.68208598),17792.930399751844,1037.5261659219323
16,22,0,60344,18,64.0,El Camino & Dinah's Court,7.882565473741944,6.466390227419639,14.34895570116158,POINT (6091084.04069799 1974505.17105757),19219.299533248322,1426.3691334964788
17,22,0,60345,19,47.333333333333336,El Camino & Los Altos,17.304406214700336,12.014651769798824,29.31905798449916,POINT (6091730.27234517 1973724.88488849),20231.579594906023,1012.2800616577006
18,22,0,60346,20,29.666666666666668,El Camino & San Antonio,51.53281767252355,120.62063492063496,172.15345259315845,POINT (6093073.72405457 1972486.49071173),22063.555908510407,1831.976313604384
19,22,0,60347,21,15.0,El Camino & Showers,328.2767404164464,179.51026032790733,507.7870007443535,POINT (6093922.88508591 1971893.94432464),23098.793920803684,1035.2380122932773
20,22,0,60348,22,52.333333333333336,El Camino & Jordan,7.810090399796279,4.870328690916927,12.680419090713205,POINT (6094639.037525 1971471.58722973),23929.608727806186,830.8148070025018
21,22,0,60350,23,23.5,El Camino & Rengstorff,18.330620196796666,13.487294160088275,31.817914356884945,POINT (6095560.78240067 1970940.11749214),24993.769380378013,1064.160652571827
22,22,0,60351,24,-15.0,El Camino & Clark,81.18413694148988,54.01700627803568,135.20114321952553,POINT (6097614.33472399 1969751.6936879),27367.855059118327,2374.0856787403136
23,22,0,60352,25,-7.5,El Camino & El Monte,53.27480444392212,54.391662177691565,107.66646662161372,POINT (6098283.234961 1968971.18212557),28411.095319345095,1043.2402602267684
24,22,0,60353,26,-32.5,El Camino & Pettis,18.30276047481929,15.25701096289331,33.5597714377126,POINT (6099259.03287816 1968209.1357494),29648.81016097397,1237.7148416288765
25,22,0,60354,27,-19.5,El Camino & Miramonte,17.46030138162491,18.68231074481074,36.14261212643567,POINT (6100504.47690958 1967409.41195515),31128.862124027743,1480.051963053771
26,22,0,60355,28,-39.5,El Camino & Castro,168.81013390204564,86.6447938499409,255.45492775198665,POINT (6101792.86015958 1966567.14198615),32668.704348105646,1539.8422240779037
27,22,0,60356,29,-26.5,El Camino & Bonita,4.282437660378835,5.626387501387501,9.908825161766345,POINT (6102631.83289108 1966037.68175898),33660.22771523891,991.5233671332608
28,22,0,60357,30,-35.5,El Camino & Phyllis,6.102028771881712,10.64077140180081,16.74280017368253,POINT (6103461.75839658 1965504.03059532),34647.17840022949,986.9506849905811
29,22,0,60358,31,-57.5,El Camino & Bay,30.61481312804842,31.408208703061643,62.02302183111008,POINT (6104243.33262083 1964996.34591514),35578.90220095228,931.7238007227934
30,22,0,60359,32,-40.0,El Camino & Yuba,53.22422381540027,27.45103246426776,80.67525627966803,POINT (6105065.82572649 1964518.22154331),36529.710413839355,950.8082128870738
31,22,0,60360,33,-96.5,El Camino & Americana,34.00414005928712,36.95874615580497,70.96288621509214,POINT (6107556.51628317 1963262.77785999),39318.02773318703,2788.317319347676
32,22,0,60361,34,-98.33333333333333,El Camino & Knickerbocker,137.08336393998158,113.35882540661946,250.4421893466012,POINT (6109107.41245958 1962470.7377774),41060.31693485741,1742.2892016703772
33,22,0,60362,35,-105.0,El Camino & Grape,30.45862111744465,20.89324450059744,51.35186561804208,POINT (6110600.66833133 1961877.84395006),42665.41969198966,1605.1027571322484
34,22,0,60363,36,-110.66666666666667,El Camino & Mary,43.69755350858293,20.53046038928391,64.22801389786682,POINT (6111986.994955 1961458.31821431),44112.6333314188,1447.2136394291447
35,22,0,60364,37,-143.0,El Camino & Hollenbeck,50.8587937389408,25.220045232545235,76.07883897148601,POINT (6113683.74123341 1960931.78449048),45891.202283807106,1778.5689523883048
36,22,0,60365,38,-158.66666666666666,El Camino & Mathilda,27.13456151691444,24.43306350512232,51.5676250220368,POINT (6115291.65140341 1960407.54439723),47581.44759286015,1690.245309053047
37,22,0,60366,39,-187.66666666666666,El Camino & Sunnyvale-Saratoga,206.28874320124325,164.68905767435172,370.9778008755951,POINT (6116676.92356725 1959666.36608957),49207.426461489355,1625.9788686292013
38,22,0,60367,40,-41.333333333333336,El Camino & Cezanne,23.049244627921095,32.44618273882979,55.49542736675088,POINT (6117471.32945874 1958816.19095264),50371.84251207675,1164.4160505873951
39,22,0,60368,41,-61.666666666666664,El Camino & Remington,145.21370475929297,111.41277954072068,256.6264843000138,POINT (6118673.10822317 1957526.05967465),52135.66933259587,1763.8268205191198
40,22,0,60369,42,-94.0,El Camino & Maria,29.190325116060404,24.242000646412407,53.432325762472814,POINT (6120618.29691808 1955448.27446015),54981.94097207605,2846.271639480183
41,22,0,60370,43,-104.33333333333333,El Camino & Wolfe,112.46525019098544,87.78768110973994,200.2529313007254,POINT (6121797.77159324 1954414.28276172),56552.17806154501,1570.2370894689593
42,22,0,60371,44,-44.0,El Camino & Poplar,12.13772518331342,22.126236263736264,34.26396144704968,POINT (6123531.66445091 1954188.56208456),58305.93904240635,1753.7609808613415
43,22,0,60372,45,-42.333333333333336,El Camino & Henderson,32.68974979269098,44.6276805710629,77.31743036375387,POINT (6124368.98495474 1954176.17923531),59142.77728866667,836.8382462603186
44,22,0,60373,46,-46.333333333333336,El Camino & Halford,170.8955093925682,123.51772288169347,294.4132322742616,POINT (6126103.48575082 1954168.01127264),60877.47141885095,1734.6941301842817
45,22,0,60374,47,-36.333333333333336,El Camino & Flora Vista,107.6177099044746,58.93512639321462,166.5528362976892,POINT (6127859.74831441 1954175.62936765),62635.15748278008,1757.6860639291262
46,22,0,60375,48,-45.333333333333336,El Camino & Pomeroy,29.98717565114624,25.750223387723388,55.737399038869626,POINT (6129689.63244991 1954151.60316898),64465.06448207981,1829.906999299732
47,22,0,60376,49,-45.0,El Camino & Calabazas,9.968058412176056,7.593317221993691,17.56137563416976,POINT (6130589.70676525 1954136.95851323),65365.463872385415,900.3993903056034
48,22,0,60377,50,-58.333333333333336,El Camino & Alpine,23.26870123340712,24.090029986353517,47.35873121976061,POINT (6131271.52429925 1954126.16063456),66047.12231733727,681.6584449518559
49,22,0,60378,51,-34.75,El Camino & Kiely,196.48269214445685,130.36642018112605,326.8491123255829,POINT (6132551.84457324 1954093.54947931),67328.00814689252,1280.885829555249
50,22,0,60379,52,-10.25,El Camino & Bowe,10.319162700045052,12.404778309925373,22.72394100997042,POINT (6133486.98574758 1954090.46451172),68263.43692361897,935.4287767264468
51,22,0,60380,53,-37.0,El Camino & San Tomas,10.407866806396218,10.139489758607406,20.54735656500362,POINT (6135171.88428067 1954071.27491756),69948.35614660599,1684.919222987024
52,22,0,60381,54,-56.666666666666664,El Camino & Los Padres,11.474459445782967,19.83634600693424,31.31080545271721,POINT (6135996.88164641 1954051.7959539),70773.59752541366,825.2413788076665
53,22,0,60382,55,-74.66666666666667,El Camino & Scott,193.24662225029863,153.86541522203285,347.1120374723316,POINT (6137030.32478949 1954033.09290731),71807.34292890051,1033.745403486857
54,22,0,60384,56,-110.66666666666667,El Camino & Jefferson,21.16257770007769,15.46104459266224,36.62362229273993,POINT (6139245.46143533 1954013.89347064),74017.61314410267,2210.270215202152
55,22,0,62743,57,-116.33333333333333,El Camino & Monroe,24.71363318054494,54.9869165964754,79.70054977702036,POINT (6140195.74759249 1954350.55355848),75023.51839758255,1005.905253479883
56,22,0,60020,58,-156.33333333333334,El Camino & Lafayette,40.89098589319178,57.43808699470464,98.32907288789644,POINT (6141651.00288408 1954992.24617273),76612.53219815686,1589.0138005743065
57,22,0,60001,59,-140.33333333333334,Santa Clara Transit Center,152.88002234693408,110.8522497110732,263.73227205800725,POINT (6144099.62758 1954225.5200159),78896.64525517602,2284.11305701916
58,22,0,60393,60,-46.666666666666664,El Camino & Accolti,9.106983131247835,5.023334671864084,14.130317803111916,POINT (6145152.67993583 1952830.35056214),78896.64525517602,0.0
59,22,0,60394,61,-63.666666666666664,El Camino & Bellomy,5.038914272002508,4.354361977891391,9.3932762498939,POINT (6145112.05239241 1952075.73330498),78896.64525517602,0.0
60,22,0,60395,62,-78.66666666666667,El Camino & The Alameda,40.14578795387619,18.193791584232763,58.33957953810892,POINT (6145008.88429166 1951224.11821032),78896.64525517602,0.0
61,22,0,60397,63,-93.33333333333333,The Alameda & Newhall,39.26377641965878,15.97494441832677,55.238720837985554,POINT (6146329.00993225 1950686.1137089),78896.64525517602,0.0
62,22,0,60398,64,-124.66666666666667,The Alameda & McKendrie,14.479637029637033,9.542597924950863,24.022234954587887,POINT (6147715.53865525 1949942.14898948),78896.64525517602,0.0
63,22,0,60399,65,-140.0,The Alameda & University,21.240953001247124,4.630291358967829,25.87124436021493,POINT (6148268.44995099 1949343.8250549),78896.64525517602,0.0
64,22,0,60400,66,-160.0,The Alameda & Naglee,160.79183879845644,129.70788231376463,290.49972111222115,POINT (6148984.787101 1948553.67702889),78896.64525517602,0.0
65,22,0,60401,67,-116.0,The Alameda & Fremont,11.767833636951286,6.770595091183327,18.53842872813461,POINT (6149811.12042208 1947670.48292914),78896.64525517602,0.0
66,22,0,60402,68,-139.33333333333334,The Alameda & Hester,9.997135054487996,9.60513987646341,19.60227493095141,POINT (6150347.347368 1947097.21701531),78896.64525517602,0.0
67,22,0,60403,69,-157.0,The Alameda & Hanchett,120.07972232016344,68.30533192297897,188.3850542431425,POINT (6150818.96880008 1946595.94603623),78896.64525517602,0.0
68,22,0,60404,70,-165.33333333333334,The Alameda & Keeble,26.69430185827245,15.19754714240008,41.89184900067254,POINT (6151799.86447608 1946255.60550956),78896.64525517602,0.0
69,22,0,60406,71,-199.66666666666666,The Alameda & Bush,124.0449915280798,49.44671651877535,173.49170804685514,POINT (6153200.88267142 1946316.46759257),78896.64525517602,0.0
70,22,0,60408,72,-204.33333333333334,Santa Clara & Montgomery,201.4695195327548,133.47078999431943,334.9403095270741,POINT (6154169.72161299 1946352.91929132),78896.64525517602,0.0
71,22,0,60409,73,-181.0,Santa Clara & Delmas,30.742836003865417,11.790996666731958,42.53383267059741,POINT (6154781.8719635 1946376.53013648),78896.64525517602,0.0
72,22,0,60410,74,-210.33333333333334,Santa Clara & Almaden Blvd,113.77992889463488,90.20796638002528,203.9878952746602,POINT (6156121.946055 1947090.27149114),78896.64525517602,0.0
73,22,0,60411,75,-214.33333333333334,Santa Clara & Almaden Ave,42.25636854975093,43.99206071706072,86.24842926681168,POINT (6156523.88783641 1947331.17258415),78896.64525517602,0.0
74,22,0,60412,76,-184.66666666666666,Santa Clara & 1st,527.7515366169779,488.0801242058595,1015.8316608228376,POINT (6157574.84144317 1947946.23861124),78896.64525517602,0.0
75,22,0,60413,77,-119.66666666666667,Santa Clara & 6th,2008.3313936880124,1159.265020110608,3167.5964137986184,POINT (6158928.50802717 1948704.70395781),78896.64525517602,0.0
76,22,0,60414,78,-105.33333333333333,Santa Clara & 7th,271.7836664152841,105.29960815328468,377.0832745685686,POINT (6159225.73249833 1948886.74690081),78896.64525517602,0.0
77,22,0,60415,79,-145.0,Santa Clara & 11th,75.57082557964911,82.57483064321302,158.14565622286207,POINT (6160682.18627833 1949721.3400479),78896.64525517602,0.0
78,22,0,60416,80,-149.66666666666666,Santa Clara & 13th,21.590851713645836,34.090892196039256,55.68174390968508,POINT (6161161.25815482 1949993.21614456),78896.64525517602,0.0
79,22,0,60418,81,-181.0,Santa Clara & 17th,74.73168653242185,195.31395124483356,270.04563777725554,POINT (6162125.66469058 1950549.64613406),78896.64525517602,0.0
80,22,0,60419,82,-209.33333333333334,Santa Clara & 21st,39.46239340724635,99.70948895875364,139.17188236600006,POINT (6163225.61327808 1951192.6107274),78896.64525517602,0.0
81,22,0,60420,83,-217.0,Santa Clara & 24th,95.10504046606988,123.49301597095712,218.59805643702703,POINT (6164064.792374 1951680.29938456),78896.64525517602,0.0
82,22,0,60421,84,-239.66666666666666,Santa Clara & 28th,74.42689051144936,80.74733183483178,155.1742223462811,POINT (6165083.9655325 1952252.78281964),78896.64525517602,0.0
83,22,0,60422,85,-236.66666666666666,Alum Rock & 33rd,18.669426815015058,69.65748524351467,88.32691205852973,POINT (6166597.53140299 1953121.81290573),78896.64525517602,0.0
84,22,0,60035,86,-248.0,King & Alum Rock,149.6079740520917,157.93623590461826,307.5442099567101,POINT (6167727.93202934 1953654.17929506),78896.64525517602,0.0
85,22,0,60036,87,-245.5,King & San Antonio,36.41845597213243,38.469836536013005,74.88829250814545,POINT (6168552.89461824 1952565.84026439),78896.64525517602,0.0
86,22,0,60037,88,-269.0,King & Hermocilla,31.49515745692216,45.19827256077254,76.69343001769472,POINT (6169311.51383591 1951509.07203673),78896.64525517602,0.0
87,22,0,60038,89,-282.0,King & Virginia,42.71691592721005,39.129301907243104,81.84621783445313,POINT (6169685.78277241 1951032.84103382),78896.64525517602,0.0
88,22,0,60039,90,-307.5,King & Chaucer,7.6658749746985055,55.93615698027465,63.60203195497317,POINT (6170520.0294635 1949891.63006164),78896.64525517602,0.0
89,22,0,60040,91,-343.5,King & Story,238.76370598355896,288.76921322141914,527.5329192049778,POINT (6171451.19098699 1948671.12922181),78896.64525517602,0.0
90,22,0,60041,92,-282.6666666666667,King & Christopher,14.65468967307202,32.62560495060496,47.280294623676994,POINT (6172153.21582967 1947748.16715698),78896.64525517602,0.0
91,22,0,60042,93,-310.0,King & Miami,14.260536032594851,40.486832856685794,54.74736888928064,POINT (6173065.8275215 1946541.82704999),78896.64525517602,0.0
92,22,0,60043,94,-330.6666666666667,King & Havana,32.23416599740129,92.4745754245754,124.70874142197668,POINT (6173718.85771149 1945682.60337473),78896.64525517602,0.0
93,22,0,60044,95,-346.3333333333333,King & Cunningham,34.016051921934285,85.34431279504811,119.36036471698232,POINT (6174381.73663507 1944817.79375264),78896.64525517602,0.0
94,22,0,60045,96,-368.6666666666667,King & Waverly,12.776400396988633,73.79196685667273,86.56836725366134,POINT (6175216.58568716 1943732.43798374),78896.64525517602,0.0
95,22,0,60046,97,-385.0,King & Seminole,14.793383087500736,107.29635519709048,122.0897382845912,POINT (6175719.71525833 1943079.67649397),78896.64525517602,0.0
96,22,0,60047,98,-368.3333333333333,Tully & King,21.700355496756423,147.8202036053042,169.5205591020606,POINT (6176321.56280792 1942660.39682072),78896.64525517602,0.0
97,22,0,60048,99,-383.0,Tully & Brahms,6.545140725287782,43.09321323241604,49.63835395770383,POINT (6177169.52272616 1943357.01681857),78896.64525517602,0.0
98,22,0,60049,100,-402.6666666666667,Tully & Quimby,14.747801390216257,67.96769039783744,82.71549178805371,POINT (6177953.14681508 1944010.50960606),78896.64525517602,0.0
99,22,0,60050,101,-422.0,Tully & Eastridge Way,0.7307692307692306,8.52773200741467,9.258501238183902,POINT (6178588.27776267 1944529.19787315),78896.64525517602,0.0
100,22,0,65707,102,-455.6666666666667,Tully & Capitol,2.7082711406240825,45.99602485577721,48.70429599640128,POINT (6179623.52733257 1945380.92910931),78896.64525517602,0.0
101,22,0,65812,103,-419.3333333333333,Eastridge Transit Center (Bay 5),0.0,1087.191627979863,1087.191627979863,POINT (6180650.18013491 1944273.75087748),78896.64525517602,0.0
102,22,1,65810,2,30.5,Eastridge Transit Center (Bay 6),677.1005376975966,0.0,677.1005376975966,POINT (6180454.63787508 1944472.03263314),78896.64525517602,
103,22,1,60053,3,30.0,Tully & Quimby,81.85968198468194,16.38665419547773,98.2463361801597,POINT (6177605.19541125 1943875.58927223),78896.64525517602,0.0
104,22,1,60054,4,14.0,Tully & Kenesta,47.24846917788096,11.4404463183875,58.68891549626843,POINT (6176925.70858125 1943307.29907022),78896.64525517602,0.0
105,22,1,60055,5,14.5,King & Tully,175.0758443354032,17.758625688037448,192.83447002344053,POINT (6176051.84549958 1942753.43206772),78896.64525517602,0.0
106,22,1,60056,6,24.5,King & Seminole,8.48444855797797,2.665618939883645,11.150067497861617,POINT (6175628.58125424 1943297.26857848),78896.64525517602,0.0
107,22,1,60425,7,11.0,King & Waverly,78.00327385033273,16.160768071797484,94.16404192213014,POINT (6175120.6186875 1943957.38339998),78896.64525517602,0.0
108,22,1,60057,8,-6.5,King & Cunningham,105.23089533016004,33.646017462929215,138.87691279308925,POINT (6174527.10379842 1944734.15743698),78896.64525517602,0.0
109,22,1,60058,9,-27.5,King & Ocala,97.5870973797444,28.67271527492116,126.25981265466558,POINT (6173760.78873 1945727.5232324),78896.64525517602,0.0
110,22,1,60059,10,-50.5,King & Biscayne,52.95605505605508,15.102580670963022,68.0586357270181,POINT (6172900.09589759 1946867.91596472),78896.64525517602,0.0
111,22,1,60060,11,-76.5,King & Everglade,28.80308310970075,16.460309869868695,45.26339297956948,POINT (6171993.74698849 1948063.61206415),78896.64525517602,0.0
112,22,1,65427,12,-90.5,King & Story,250.86059414441755,183.21120619576504,434.0718003401829,POINT (6171423.69432282 1948841.94187231),78896.64525517602,0.0
113,22,1,60061,13,5.5,King & Story,191.8293791992321,53.91276819585644,245.74214739508864,POINT (6170984.30904675 1949424.31964456),78896.64525517602,0.0
114,22,1,60063,14,-25.5,King & Virginia,44.15400636944758,45.694812540400775,89.84881890984832,POINT (6169795.79436341 1951000.6681979),78896.64525517602,0.0
115,22,1,60064,15,-37.0,King & Kammerer,49.92121391680215,27.24025296598826,77.16146688279038,POINT (6169252.40306175 1951704.01226364),78896.64525517602,0.0
116,22,1,60065,16,-71.5,King & San Antonio,39.93575036075036,51.8649602031955,91.80071056394586,POINT (6168449.96831492 1952846.26063532),78896.64525517602,0.0
117,22,1,60426,17,-34.0,Alum Rock & King,176.5811196156784,91.3552925832337,267.93641219891214,POINT (6167485.29275084 1953720.69130115),78896.64525517602,0.0
118,22,1,60428,18,74.33333333333333,Alum Rock & 33rd,79.13018566400918,26.64117336911454,105.7713590331237,POINT (6166691.40391867 1953260.28014848),78896.64525517602,0.0
119,22,1,60429,19,54.666666666666664,Santa Clara & 28th,85.32822879734645,56.89169906890496,142.21992786625142,POINT (6165234.65912874 1952419.54823415),78896.64525517602,0.0
120,22,1,60431,20,26.0,Santa Clara & 24th,161.8811642605759,85.95269322181085,247.83385748238675,POINT (6164019.37448584 1951715.55685998),78896.64525517602,0.0
121,22,1,60433,21,-5.333333333333333,Santa Clara & 20th,117.40724781754196,49.47766130927899,166.8849091268209,POINT (6162816.90937108 1951037.64942315),78896.64525517602,0.0
122,22,1,60434,22,-23.333333333333332,Santa Clara & 17th,190.16335739423965,67.19104204618914,257.35439944042884,POINT (6162058.020797 1950595.79367957),78896.64525517602,0.0
123,22,1,60435,23,-40.666666666666664,Santa Clara & 14th,46.11951732907617,18.283519340137,64.40303666921317,POINT (6161248.99518408 1950127.02165122),78896.64525517602,0.0
124,22,1,60437,24,-56.666666666666664,Santa Clara & 11th,99.5592179878944,97.3992188367188,196.95843682461316,POINT (6160398.19767308 1949646.87267715),78896.64525517602,0.0
125,22,1,60438,25,-70.66666666666667,Santa Clara & 7th,164.5072665080018,312.8525174172233,477.359783925225,POINT (6159301.49973525 1949016.35359699),78896.64525517602,0.0
126,22,1,60439,26,-68.33333333333333,Santa Clara & 5th,1412.6696955005775,2011.2584045856097,3423.9281000861847,POINT (6158689.41008016 1948639.05743556),78896.64525517602,0.0
127,22,1,65849,27,-45.333333333333336,Santa Clara & 2nd,325.42883668618987,278.0328862314157,603.4617229176056,POINT (6157575.71742566 1948005.21716781),78896.64525517602,0.0
128,22,1,60441,28,48.666666666666664,Santa Clara & Market,69.43153643741881,68.5142960797373,137.94583251715613,POINT (6156878.64073583 1947605.91842572),78896.64525517602,0.0
129,22,1,60442,29,57.0,Santa Clara & Almaden Ave,36.199014384308505,35.463456233309195,71.66247061761771,POINT (6156340.74647041 1947294.93709232),78896.64525517602,0.0
130,22,1,60443,30,55.666666666666664,Santa Clara & Almaden Blvd,84.92682978785932,114.74602815485174,199.6728579427109,POINT (6155888.49442217 1947014.7332564),78896.64525517602,0.0
131,22,1,60444,31,33.666666666666664,Santa Clara & Delmas,10.608209682474389,44.44090223501991,55.04911191749432,POINT (6154976.04972474 1946528.02392797),78896.64525517602,0.0
132,22,1,60445,32,19.0,Santa Clara & Cahill,115.76268690459868,129.75330617095318,245.515993075552,POINT (6154143.02940917 1946434.52313073),78896.64525517602,0.0
133,22,1,60446,33,16.666666666666668,The Alameda & Bush,56.501607297930846,103.89937741996567,160.40098471789648,POINT (6153307.07602859 1946397.89820398),78896.64525517602,0.0
134,22,1,60448,34,-2.3333333333333335,The Alameda & Morrison,14.096446445711152,24.52415019620902,38.62059664192016,POINT (6152049.99291283 1946336.68408756),78896.64525517602,0.0
135,22,1,60449,35,-28.666666666666668,The Alameda & Julian,87.3751758862053,111.26892315201142,198.64409903821672,POINT (6151087.65789525 1946423.29054165),78896.64525517602,0.0
136,22,1,60450,36,-43.333333333333336,The Alameda & Hester,9.078007939772649,17.49290137966609,26.57090931943873,POINT (6150439.91279966 1947103.82887873),78896.64525517602,0.0
137,22,1,60451,37,-65.33333333333333,The Alameda & Schiele,5.207224556489263,9.16966252701547,14.376887083504732,POINT (6149906.68453541 1947683.23815298),78896.64525517602,0.0
138,22,1,60452,38,-106.0,The Alameda & Taylor,145.55305185011065,124.8877442818619,270.44079613197255,POINT (6149022.07508416 1948635.04432023),78896.64525517602,0.0
139,22,1,60453,39,-12.666666666666666,The Alameda & University,7.674862066038532,13.539145005321483,21.21400707136001,POINT (6148271.66024642 1949440.27466515),78896.64525517602,0.0
140,22,1,60454,40,-18.333333333333332,The Alameda & McKendrie,7.758804757334169,14.408180218474334,22.166984975808507,POINT (6147727.667568 1950032.27249689),78896.64525517602,0.0
141,22,1,60455,41,-38.333333333333336,The Alameda & Newhall,13.0342955247367,28.60333563495328,41.63763115968999,POINT (6146498.97022225 1950697.35646856),78896.64525517602,0.0
142,22,1,60457,42,-54.333333333333336,The Alameda & Portola,10.372704093292326,35.94749604970193,46.320200142994246,POINT (6145280.23512691 1951173.71673632),78896.64525517602,0.0
143,22,1,60458,43,-54.5,El Camino & The Alameda,10.329270402799812,9.511657215333685,19.840927618133502,POINT (6145292.82598099 1952205.15069707),78896.64525517602,0.0
144,22,1,60459,44,-62.5,El Camino & Campbell,3.617879179643887,5.728376198964436,9.346255378608324,POINT (6144921.62003049 1953137.58813664),78896.64525517602,0.0
145,22,1,60460,45,-68.5,Santa Clara Transit Center,204.61689503307156,273.2972436876849,477.91413872075657,POINT (6143823.12583642 1954052.06301373),78896.64525517602,0.0
146,22,1,62729,46,-54.5,El Camino & Washington,31.206565738183382,38.36888201667617,69.57544775485954,POINT (6141074.23697725 1954839.47777748),76024.56354865988,-2872.081706516139
147,22,1,60466,47,-82.0,El Camino & Monroe,35.73026532291241,19.371155478508424,55.10142080142081,POINT (6139864.19215325 1954321.46372165),74708.74733302691,-1315.8162156329636
148,22,1,60467,48,-108.5,El Camino & Lincoln,13.697109263285732,21.62215709127473,35.31926635456048,POINT (6138611.85410674 1954115.14261198),73386.51995888799,-1322.2273741389217
149,22,1,60468,49,-136.5,El Camino & Scott,152.79689093586143,183.1872506578388,335.9841415937004,POINT (6137168.84288517 1954135.44112781),71943.29784525743,-1443.2221136305598
150,22,1,60469,50,-153.5,El Camino & Los Padres,21.410312073547363,20.19918063962181,41.609492713169175,POINT (6135759.30600607 1954158.5693624),70534.80789481528,-1408.4899504421483
151,22,1,60470,51,-147.0,El Camino & San Tomas,11.69693149987268,19.038180365386253,30.73511186525893,POINT (6134561.331696 1954177.35508598),69336.13140238484,-1198.6764924304443
152,22,1,60471,52,-173.5,El Camino & Bowe,4.015576906753378,9.834332987274164,13.849909894027544,POINT (6133190.77603817 1954202.1893539),67966.11311789337,-1370.018284491467
153,22,1,60472,53,-188.5,El Camino & Bowers,154.9156433435845,187.34735950324185,342.26300284682634,POINT (6132486.84371899 1954211.46722248),67260.8466315575,-705.2664863358659
154,22,1,60473,54,-38.0,El Camino & Alpine,22.482032428355943,19.695937069466485,42.17796949782245,POINT (6131400.17102358 1954227.9078064),66174.40361953601,-1086.4430120214965
155,22,1,60474,55,-67.0,El Camino & Calabazas,16.103570857247334,14.799144972674384,30.9027158299217,POINT (6130123.51412807 1954252.86773023),64897.16753323195,-1277.2360863040594
156,22,1,60475,56,-72.5,El Camino & Pomeroy,20.45987688781807,33.70865931454166,54.16853620235973,POINT (6129424.45876767 1954276.34963864),64198.373227364624,-698.7943058673263
157,22,1,60476,57,-105.5,El Camino & Flora Vista,60.35839601574894,70.78679310885188,131.14518912460088,POINT (6127487.92851999 1954284.25283806),62260.883612838516,-1937.4896145261082
158,22,1,60477,58,-89.0,El Camino & Lawrence,149.8619550384256,162.79366670910795,312.65562174753364,POINT (6126225.28865683 1954294.97033632),60999.46202533561,-1261.421587502904
159,22,1,60478,59,-97.5,El Camino & Sycamore,45.92913442766381,37.222561507120325,83.15169593478419,POINT (6124774.45855324 1954281.09339556),59548.11454394004,-1451.347481395569
160,22,1,60479,60,-124.0,El Camino & Poplar,20.09495096406861,17.86588697250462,37.960837936573206,POINT (6123406.56332317 1954290.71936056),58178.56820368819,-1369.5463402518508
161,22,1,60480,61,-147.0,El Camino & Wolfe,94.9692584376408,109.58544388617916,204.55470232381995,POINT (6121346.03496391 1954846.19298714),55926.3010558466,-2252.267147841594
162,22,1,60481,62,-24.5,El Camino & Maria,24.583772436713613,23.36402772064536,47.94780015735896,POINT (6120473.70993692 1955745.94676507),54665.57821929926,-1260.7228365473347
163,22,1,60482,63,-32.0,El Camino & Fair Oaks,130.79323307411542,150.19678205781145,280.9900151319269,POINT (6118293.529586 1958081.02313164),51470.9701435598,-3194.6080757394593
164,22,1,60483,64,-49.0,El Camino & Cezanne,24.353379708526766,24.386547521106344,48.73992722963316,POINT (6117499.1355055 1958934.81473115),50301.05600521954,-1169.9141383402603
165,22,1,60484,65,-65.0,El Camino & Sunnyvale,184.6028337675396,198.6747109916227,383.2775447591624,POINT (6116721.00287542 1959766.87933998),49161.64085442422,-1139.415150795321
166,22,1,60485,66,-29.5,El Camino & Mathilda,20.918830026182967,24.07425368748898,44.99308371367192,POINT (6114851.24546008 1960650.02029023),47088.30622056509,-2073.334633859129
167,22,1,60486,67,-47.5,El Camino & Pastoria,23.76931850828909,51.30867302632012,75.07799153460914,POINT (6113772.24564958 1961011.53269057),45949.374353184525,-1138.9318673805683
168,22,1,60487,68,-57.0,El Camino & Mary,26.50381497587379,47.20754653842889,73.7113615143027,POINT (6111582.26512142 1961676.2236184),43662.75856085336,-2286.615792331162
169,22,1,60488,69,-77.5,El Camino & Grape,22.28809638074344,33.48716561216562,55.77526199290903,POINT (6110367.35941474 1962074.35307148),42379.74410329977,-1283.014457553596
170,22,1,60489,70,-76.0,El Camino & Bernardo,114.458822549999,144.2848879878291,258.7437105378282,POINT (6109305.94880791 1962490.74003398),41225.27336323457,-1154.4707400651969
171,22,1,60490,71,-88.0,El Camino & Sylvan,29.33580749316044,33.5586167100873,62.89442420324772,POINT (6107771.73501283 1963272.65776148),39507.044589724144,-1718.2287735104255
172,22,1,60491,72,-98.0,El Camino & Mountain View-Alviso,54.71418965021905,67.48129631806101,122.19548596828008,POINT (6104493.14347291 1964955.72821423),35812.09573771946,-3694.948852004687
173,22,1,60492,73,-117.0,El Camino & Calderon,15.285137166754826,9.330281646458117,24.61541881321294,POINT (6103415.728633 1965652.28981324),34528.47617548749,-1283.6195622319647
174,22,1,60493,74,-92.0,El Camino & Bush,1.7719128094128087,3.650695954372428,5.422608763785235,POINT (6102356.69039674 1966332.56141856),33270.00136852138,-1258.4748069661146
175,22,1,60494,75,-112.0,El Camino & Castro,156.6157155752745,186.1256298440122,342.7413454192866,POINT (6101344.03034858 1966985.87080748),32064.32597528146,-1205.6753932399188
176,22,1,60495,76,-36.0,El Camino & Shoreline,14.108696205755033,15.774711399711403,29.883407605466424,POINT (6100101.78709817 1967788.41447797),30584.51747585055,-1479.8084994309102
177,22,1,60496,77,-83.0,El Camino & Mariposa,16.028581875640707,21.40807517645753,37.43665705209823,POINT (6098880.92011733 1968579.3633554),29129.41035516873,-1455.1071206818197
178,22,1,60497,78,-109.0,El Camino & Escuela,74.92985943794767,89.25386027371322,164.18371971166084,POINT (6097853.14494191 1969682.43365581),27595.141453522654,-1534.2689016460754
179,22,1,60498,79,-120.5,El Camino & Rengstorff,17.994834005863417,29.2569338341397,47.251767840003154,POINT (6096099.719643 1970753.1719999),25554.153055183397,-2040.9883983392574
180,22,1,60499,80,265.6666666666667,El Camino & Ortega,8.670861164978813,13.579348919054803,22.25021008403363,POINT (6094922.08912425 1971425.21133822),24198.296145927518,-1355.8569092558791
181,22,1,60500,81,253.66666666666666,El Camino & Showers,180.8278646190411,301.7052716074777,482.5331362265184,POINT (6093892.02163059 1972041.95977664),22993.18753337032,-1205.1086125571965
182,22,1,60501,82,317.6666666666667,El Camino & San Antonio,27.271864981423803,22.892432322579378,50.1642973040032,POINT (6092725.32941017 1972853.38105406),21564.12254677892,-1429.064986591402
183,22,1,60502,83,289.3333333333333,El Camino & Cesano,13.459694553812202,14.664632018308485,28.124326572120697,POINT (6091749.62302825 1973852.73437031),20153.138158771875,-1410.984388007044
184,22,1,60503,84,306.0,El Camino & Dinah's Court,9.78513177998472,12.24260225069049,22.02773403067521,POINT (6090938.17550416 1974922.47468489),18786.640248356238,-1366.4979104156373
185,22,1,60504,85,307.0,El Camino & Charleston,36.49333313745078,73.44595478051362,109.9392879179644,POINT (6090104.27133209 1976267.93524857),17203.425988032803,-1583.2142603234352
186,22,1,60505,86,303.3333333333333,El Camino & El Camino Way,12.74009960627608,12.25890449419861,24.999004100474668,POINT (6089803.05605525 1976753.85455231),16632.14304475103,-571.2829432817744
187,22,1,60507,87,276.6666666666667,El Camino & El Camino Way,24.38475584872644,29.14230165259578,53.52705750132222,POINT (6088765.5118705 1978091.24196939),14957.053812943368,-1675.0892318076603
188,22,1,60508,88,263.0,El Camino & Curtner,22.92232538703126,21.4133347861289,44.33566017316021,POINT (6087816.14139391 1978749.43094173),13806.072155905626,-1150.9816570377425
189,22,1,60509,89,248.66666666666666,El Camino & Margarita,11.94667309814369,23.257083439436368,35.20375653758008,POINT (6087201.76138908 1979161.45636439),13066.119090759108,-739.9530651465175
190,22,1,60511,90,231.33333333333334,El Camino & Page Mill,25.2534119475296,82.70464486493903,107.95805681246854,POINT (6084829.49546432 1980791.45277631),10186.104987072624,-2880.0141036864843
191,22,1,60512,91,206.0,El Camino & California,42.25670922215041,84.85752654208538,127.1142357642358,POINT (6083695.59517308 1981548.43846706),8821.533624125292,-1364.571362947332
192,22,1,60513,92,226.0,El Camino & Stanford,6.791830065359476,7.269531857031859,14.061361922391338,POINT (6082779.53237267 1982550.3550984),7441.724576679279,-1379.8090474460123
193,22,1,60514,93,205.33333333333334,El Camino & Park,3.4570752776635136,11.464308322396562,14.921383600060071,POINT (6082071.60990399 1983362.90629481),6366.095677897687,-1075.6288987815924
194,22,1,60515,94,203.33333333333334,El Camino & Churchill,1.258287545787545,7.14415176326941,8.402439309056957,POINT (6081192.564418 1984349.29474197),5043.436088841921,-1322.6595890557655
195,22,1,60516,95,183.66666666666666,El Camino & Sam McDonald,0.428088578088578,4.585197155785391,5.013285733873968,POINT (6080632.06258625 1985003.41679332),4182.952068357787,-860.4840204841348
196,22,1,60517,96,166.66666666666666,El Camino & Embarcadero,9.836765685295097,91.2880736910149,101.12483937631,POINT (6079540.24554417 1986249.99993007),2525.721183939593,-1657.2308844181935
197,22,1,60518,97,147.66666666666666,El Camino & Wells,1.652291172879408,43.33727571448159,44.989566887361,POINT (6078924.61488566 1986951.02215007),1591.835563740014,-933.8856201995791
198,22,1,60519,98,147.66666666666666,,,,,,,
199,23,0,60565,2,158.5,Stevens Creek & Stelling,199.51017748591275,201.0277574549633,400.5379349408759,POINT (6113616.59372991 1943669.84919815),14565.8242588333,
200,23,0,60566,3,139.0,Stevens Creek & Bandley,82.52072812808105,29.36143994893994,111.88216807702103,POINT (6115570.91199975 1943634.82433382),12610.911546827154,-1954.9127120061457
201,23,0,60567,4,169.5,Stevens Creek & De Anza,127.65898243912947,54.21818271597683,181.87716515510635,POINT (6116366.99931833 1943623.96871248),11814.55363744366,-796.3579093834942
202,23,0,60568,5,158.5,Stevens Creek & Torre,29.5892301326125,15.733397974574446,45.32262810718694,POINT (6117663.84022857 1943610.78698032),10517.216060344297,-1297.3375770993625
203,23,0,60569,6,143.0,Stevens Creek & Blaney,22.964910089910088,6.034644522144526,28.999554612054613,POINT (6119005.87100908 1943604.57898748),9175.285749811906,-1341.9303105323906
204,23,0,60570,7,132.5,Stevens Creek & Portal,25.3237659399424,16.298059783353903,41.62182572329629,POINT (6119915.68054116 1943594.52684222),8265.437338199961,-909.8484116119453
205,23,0,60571,8,119.0,Stevens Creek & Miller,87.03860918493272,75.97098000039176,163.00958918532442,POINT (6121530.15631483 1943567.27033506),6650.696452277584,-1614.740885922377
206,23,0,60572,9,108.5,Stevens Creek & Finch,112.7543159454924,23.90687547746372,136.66119142295605,POINT (6122715.70840566 1943560.13550681),5465.169002988922,-1185.527449288662
207,23,0,60573,10,108.0,Stevens Creek & Tantau,21.448097735597734,12.319043456543463,33.76714119214119,POINT (6123725.50166166 1943564.62040597),4455.176135350771,-1009.9928676381514
208,23,0,60574,11,103.0,,,,,,,
209,23,0,60575,12,109.5,Stevens Creek & Interstate 280,3.6519771894771904,2.6970500088147134,6.349027198291902,POINT (6126263.86764792 1943516.96367715),1915.3641974719817,
210,23,0,60576,13,101.5,Stevens Creek & Loma Linda,73.03007849993143,73.1779549698667,146.20803346979815,POINT (6127623.90068899 1943509.43613315),555.2623828326247,-1360.1018146393571
211,23,0,60578,14,96.0,Stevens Creek & Albany,14.19775567569685,16.61765595515596,30.815411630852804,POINT (6129296.24412908 1943500.2894979),0.0,-555.2623828326247
212,23,0,60579,15,86.0,Stevens Creek & Richfield,20.993024867289574,33.59210413769237,57.61846233831526,POINT (6130141.24867266 1943493.42960347),0.0,0.0
213,23,0,60580,16,75.5,Stevens Creek & Palace,26.457184482184477,33.57717560217558,60.03436008436006,POINT (6130938.53644817 1943485.16616856),0.0,0.0
214,23,0,60582,17,53.5,Stevens Creek & Kiely,185.74220640470645,174.09742985772394,359.8396362624304,POINT (6132984.44475791 1943467.78595398),0.0,0.0
215,23,0,60583,18,31.5,Stevens Creek & Saratoga,68.51318656833364,31.91946925623396,100.43265582456752,POINT (6134528.80256158 1943457.33584365),0.0,0.0
216,23,0,60585,19,25.5,Stevens Creek & Harold,43.57506219270925,14.239385614385617,57.814447807094886,POINT (6136310.72681925 1943445.07963456),0.0,0.0
217,23,0,60586,20,15.5,Stevens Creek & Cypress,83.05321067821069,54.80013638322463,137.85334706143533,POINT (6137329.6076555 1943436.45366757),0.0,0.0
218,23,0,60587,21,0.0,Stevens Creek & Henry,9.68445720945721,7.323531860296569,17.007989069753776,POINT (6138552.30566941 1943425.05966148),0.0,0.0
219,23,0,64650,22,-16.5,Stevens Creek & Winchester,85.84480862274977,95.8439114806762,181.68872010342596,POINT (6139741.317399 1943416.79228956),0.0,0.0
220,23,0,65740,23,11.5,Stevens Creek & Santana Row / Valley Fair,376.5634239126887,116.91708520237934,493.480509115068,POINT (6140837.77846067 1943422.75290756),0.0,0.0
221,23,0,60593,24,-76.5,Stevens Creek & Bradley,37.84497830600771,64.40621339444866,102.25119170045646,POINT (6144835.42072783 1943373.96265081),0.0,0.0
222,23,0,60594,25,-87.5,San Carlos & Bascom,132.51596181596187,84.94071010688658,217.4566719228485,POINT (6145536.40653057 1943363.2326854),0.0,0.0
223,23,0,60596,26,-101.5,San Carlos & Leland,41.25679296194002,18.41421617598089,59.67100913792088,POINT (6146928.33583333 1943350.72024323),0.0,0.0
224,23,0,60597,27,-113.0,San Carlos & Leigh,47.89554514113336,19.361539685804395,67.25708482693777,POINT (6147858.5236055 1943342.74814631),0.0,0.0
225,23,0,60598,28,-129.5,San Carlos & Buena Vista,85.34383386221623,45.0716628959276,130.41549675814383,POINT (6148980.59189941 1943331.16844507),0.0,0.0
226,23,0,60600,29,-140.0,San Carlos & Grand,212.14257237860176,157.1120912584148,369.25466363701656,POINT (6150952.27365158 1943310.43882772),0.0,0.0
227,23,0,60601,30,-111.0,San Carlos & Lincoln,15.665844939374354,14.398501988207869,30.06434692758221,POINT (6152187.386995 1943351.54307623),0.0,0.0
228,23,0,60602,31,-123.33333333333333,San Carlos & Sunol,50.2838803353509,27.00061825429471,77.28449858964562,POINT (6152904.01712342 1943375.72544256),0.0,0.0
229,23,0,60603,32,-140.33333333333334,San Carlos & Barack Obama Blvd,63.277347244259055,112.40770512167572,175.68505236593475,POINT (6154646.17735299 1943797.87026756),0.0,0.0
230,23,0,60604,33,-69.66666666666667,San Carlos & Josefa,1.826314371902608,5.727981577246283,7.554295949148891,POINT (6155134.91686109 1944141.23441023),0.0,0.0
231,23,0,60605,34,-112.33333333333333,San Carlos & Delmas,5.892544955044955,15.69988981606628,21.59243477111124,POINT (6155962.32498316 1944731.54228473),0.0,0.0
232,23,0,60606,35,-106.66666666666667,San Carlos & Guadalupe River,3.962004662004661,34.74867216117216,38.71067682317682,POINT (6156618.30890742 1945099.38570915),0.0,0.0
233,23,0,60607,36,-156.0,San Carlos & Convention Center,21.843207038059973,130.62349382643504,152.46670086449504,POINT (6157817.57652199 1945749.03335997),0.0,0.0
234,23,0,65460,37,-155.0,1st & Paseo de San Antonio,68.25850840336133,269.3489162797987,337.6074246831598,POINT (6158208.50126508 1946482.08045031),0.0,0.0
235,23,0,60412,38,-75.66666666666667,Santa Clara & 1st,527.7515366169779,488.0801242058595,1015.8316608228376,POINT (6157574.84144317 1947946.23861124),0.0,0.0
236,23,0,60413,39,3.0,Santa Clara & 6th,2008.3313936880124,1159.265020110608,3167.5964137986184,POINT (6158928.50802717 1948704.70395781),0.0,0.0
237,23,0,60414,40,19.0,Santa Clara & 7th,271.7836664152841,105.29960815328468,377.0832745685686,POINT (6159225.73249833 1948886.74690081),0.0,0.0
238,23,0,60415,41,-12.333333333333334,Santa Clara & 11th,75.57082557964911,82.57483064321302,158.14565622286207,POINT (6160682.18627833 1949721.3400479),0.0,0.0
239,23,0,60416,42,-21.666666666666668,Santa Clara & 13th,21.590851713645836,34.090892196039256,55.68174390968508,POINT (6161161.25815482 1949993.21614456),0.0,0.0
240,23,0,60418,43,-50.666666666666664,Santa Clara & 17th,74.73168653242185,195.31395124483356,270.04563777725554,POINT (6162125.66469058 1950549.64613406),0.0,0.0
241,23,0,60419,44,-78.33333333333333,Santa Clara & 21st,39.46239340724635,99.70948895875364,139.17188236600006,POINT (6163225.61327808 1951192.6107274),0.0,0.0
242,23,0,60420,45,-78.0,Santa Clara & 24th,95.10504046606988,123.49301597095712,218.59805643702703,POINT (6164064.792374 1951680.29938456),0.0,0.0
243,23,0,60421,46,-103.33333333333333,Santa Clara & 28th,74.42689051144936,80.74733183483178,155.1742223462811,POINT (6165083.9655325 1952252.78281964),0.0,0.0
244,23,0,60422,47,-71.5,Alum Rock & 33rd,18.669426815015058,69.65748524351467,88.32691205852973,POINT (6166597.53140299 1953121.81290573),0.0,0.0
245,23,0,63026,48,-83.0,Alum Rock & King,55.57118690133395,107.34849709114418,162.91968399247804,POINT (6167854.94883566 1953833.68254498),0.0,0.0
246,23,0,63027,49,-41.5,Alum Rock & McCreery,18.39030405868641,39.55531208987093,57.945616148557335,POINT (6168707.6590725 1954323.86529164),0.0,0.0
247,23,0,63028,50,-30.25,Alum Rock & Checkers,10.292632367632368,22.678441901236024,32.9710742688684,POINT (6169292.45645933 1954661.72124323),0.0,0.0
248,23,0,63029,51,-55.25,Alum Rock & Jose Figueres,15.35955515073162,81.74021689095225,97.09977204168378,POINT (6170318.09909308 1955255.06027965),0.0,0.0
249,23,0,63030,52,-63.75,Alum Rock & Jackson,32.55360228007285,93.3904002859885,125.9440025660614,POINT (6171370.29416716 1955858.61681531),0.0,0.0
250,23,0,63031,53,-71.5,Alum Rock & Muirfield,2.8011779886779893,55.81124267888976,58.61242066756773,POINT (6172728.42137216 1956638.81440189),0.0,0.0
251,23,0,63864,54,-76.0,Capitol & Alum Rock,7.030726952785773,175.992697743433,183.0234246962188,POINT (6173689.97423908 1956967.73664431),0.0,0.0
252,23,0,65320,55,-112.0,Alum Rock Station,246.2496378621379,267.1495876672347,513.3992255293725,POINT (6174380.99844758 1955486.75797898),0.0,0.0
253,23,1,63065,2,239.0,Alum Rock & Capitol,98.59542124542126,3.3481393606393604,101.94356060606064,POINT (6173469.36083516 1957150.77039897),0.0,
254,23,1,63066,3,217.0,Alum Rock & Alexander,51.0666292041292,2.99783966033966,54.06446886446887,POINT (6172874.74719499 1956810.05323264),0.0,0.0
255,23,1,63067,4,180.0,Alum Rock & Jackson,96.30598568098569,26.79821012321012,123.10419580419575,POINT (6171311.78280124 1955913.3493174),0.0,0.0
256,23,1,63069,5,160.0,Alum Rock & Jose Figueres,83.12388028638027,14.88482767232767,98.00870795870792,POINT (6170307.07188417 1955337.15099473),0.0,0.0
257,23,1,63070,6,149.0,Alum Rock & Sunset,24.713553113553107,9.568140193140191,34.28169330669332,POINT (6169602.12939641 1954930.36178206),0.0,0.0
258,23,1,63071,7,142.0,Alum Rock & McCreery,49.84518814518814,22.765101565101556,72.6102897102897,POINT (6168809.38885592 1954484.07461689),0.0,0.0
259,23,1,60426,8,169.0,Alum Rock & King,176.5811196156784,91.3552925832337,267.93641219891214,POINT (6167485.29275084 1953720.69130115),0.0,0.0
260,23,1,60428,9,153.0,Alum Rock & 33rd,79.13018566400918,26.64117336911454,105.7713590331237,POINT (6166691.40391867 1953260.28014848),0.0,0.0
261,23,1,60429,10,131.0,Santa Clara & 28th,85.32822879734645,56.89169906890496,142.21992786625142,POINT (6165234.65912874 1952419.54823415),0.0,0.0
262,23,1,60431,11,103.0,Santa Clara & 24th,161.8811642605759,85.95269322181085,247.83385748238675,POINT (6164019.37448584 1951715.55685998),0.0,0.0
263,23,1,60433,12,75.0,Santa Clara & 20th,117.40724781754196,49.47766130927899,166.8849091268209,POINT (6162816.90937108 1951037.64942315),0.0,0.0
264,23,1,60434,13,56.0,Santa Clara & 17th,190.16335739423965,67.19104204618914,257.35439944042884,POINT (6162058.020797 1950595.79367957),0.0,0.0
265,23,1,60435,14,41.0,Santa Clara & 14th,46.11951732907617,18.283519340137,64.40303666921317,POINT (6161248.99518408 1950127.02165122),0.0,0.0
266,23,1,60437,15,22.0,Santa Clara & 11th,99.5592179878944,97.3992188367188,196.95843682461316,POINT (6160398.19767308 1949646.87267715),0.0,0.0
267,23,1,60438,16,2.0,Santa Clara & 7th,164.5072665080018,312.8525174172233,477.359783925225,POINT (6159301.49973525 1949016.35359699),0.0,0.0
268,23,1,60439,17,-8.0,Santa Clara & 5th,1412.6696955005775,2011.2584045856097,3423.9281000861847,POINT (6158689.41008016 1948639.05743556),0.0,0.0
269,23,1,63264,18,46.0,2nd & Santa Clara,150.42211954711948,166.93421162171165,317.3563311688312,POINT (6157846.73263167 1947830.77361906),0.0,0.0
270,23,1,65462,19,16.0,2nd & Paseo de San Antonio,172.21560939060936,56.47356393606393,228.68917332667337,POINT (6158256.83351749 1947113.88102397),0.0,0.0
271,23,1,64655,20,-7.0,San Carlos & 2nd,58.173609723609744,18.31704129204129,76.490651015651,POINT (6158579.61666457 1946311.25828539),0.0,0.0
272,23,1,60618,21,-14.0,San Carlos & Market,51.79559190809188,39.89682400932402,91.69241591741589,POINT (6158128.21828917 1946048.84804906),0.0,0.0
273,23,1,60619,22,-20.0,,,,,,,
274,23,1,60620,23,-55.0,,,,,,,
275,23,1,60621,24,-63.0,San Carlos & Delmas,9.251386113886117,7.484407259407258,16.735793373293372,POINT (6155804.01558849 1944723.70732665),0.0,
276,23,1,60623,25,-105.0,San Carlos & Josefa,4.629799367299367,8.819784382284384,13.449583749583748,POINT (6154964.71313325 1944116.10289881),0.0,0.0
277,23,1,60624,26,-126.0,San Carlos & Barack Obama Blvd,110.7444260804555,49.20035471064885,159.94478079110422,POINT (6154555.78252067 1943820.34299165),0.0,0.0
278,23,1,60625,27,18.0,San Carlos & Sunol,22.72378871128871,45.721287046287046,68.44507575757575,POINT (6152871.76292282 1943454.86537614),0.0,0.0
279,23,1,60626,28,20.0,San Carlos & Lincoln,9.761725774225772,30.93060689310688,40.69233266733266,POINT (6151912.40198067 1943417.58723548),0.0,0.0
280,23,1,66001,29,19.0,San Carlos & Meridian,156.29639086403796,174.04928951767187,330.34568038170977,POINT (6150710.01462166 1943405.86120906),0.0,0.0
281,23,1,60629,30,19.0,San Carlos & Buena Vista,50.153196803196806,87.27178238428239,137.42497918747918,POINT (6149204.84079474 1943410.06494081),0.0,0.0
282,23,1,60631,31,8.0,San Carlos & Shasta,1.467807192807194,10.872094572094577,12.339901764901777,POINT (6147582.34928907 1943425.60493597),0.0,0.0
283,23,1,60632,32,-8.0,San Carlos & Wabash,26.72485847485848,65.76088911088908,92.48574758574756,POINT (6146712.32084541 1943430.84836382),0.0,0.0
284,23,1,60634,33,-20.0,San Carlos & Bascom,105.8506661639015,128.12761013496305,233.97827629886456,POINT (6145412.95238116 1943448.51073006),0.0,0.0
285,23,1,60635,34,11.0,Stevens Creek & Bradley,44.4403096903097,34.620462870462895,79.06077256077253,POINT (6144671.33214524 1943445.30043465),0.0,0.0
286,23,1,65741,35,-21.0,Stevens Creek & Valley Fair / Santana Row,109.06053187009068,391.8067759038348,500.86730777392535,POINT (6141126.594156 1943538.09191573),0.0,0.0
287,23,1,64696,36,2.0,Stevens Creek & Winchester,85.5774433899434,90.75598910893032,176.33343249887366,POINT (6139677.16759291 1943518.2914304),0.0,0.0
288,23,1,60642,37,-13.0,Stevens Creek & Henry,4.005731768231769,10.103937728937732,14.109669497169504,POINT (6138422.37876391 1943522.85113256),0.0,0.0
289,23,1,60643,38,-37.5,Stevens Creek & Cypress,45.21385314032374,89.98405369140664,135.19790683173034,POINT (6137101.69866249 1943535.41541189),0.0,0.0
290,23,1,60644,39,-58.5,Stevens Creek & San Tomas,23.32932606609077,48.14805757967525,71.47738364576607,POINT (6135580.34376559 1943547.18015215),0.0,0.0
291,23,1,60645,40,-81.5,Stevens Creek & Saratoga,21.30489094239096,59.9752206127206,81.28011155511155,POINT (6134134.80958316 1943553.8326979),0.0,0.0
292,23,1,60646,41,-103.5,Stevens Creek & Kiely,131.52421793892384,172.41554785084193,303.939765789766,POINT (6132531.45353791 1943566.32807973),0.0,0.0
293,23,1,60648,42,-48.5,Stevens Creek & Woodhams,36.17887529137529,37.2869005994006,73.46577589077587,POINT (6130547.788542 1943583.84871398),0.0,0.0
294,23,1,60649,43,-69.0,Stevens Creek & Cronin,11.62544538794539,15.10510739260739,26.73055278055279,POINT (6129306.19128767 1943595.53832315),0.0,0.0
295,23,1,60651,44,-92.0,Stevens Creek & Cabot,52.81789101421455,62.39502246119896,115.21291347541344,POINT (6127904.45885491 1943613.84307656),32096.3837940526,32096.3837940526
296,23,1,60653,45,-96.5,,,,,,,
297,23,1,60654,46,-111.5,Stevens Creek & Tantau,10.607163669663674,32.67537046287046,43.28253413253415,POINT (6123497.93256299 1943663.69140206),27688.867872171406,
298,23,1,60655,47,-124.0,Stevens Creek & Finch,26.17302697302698,67.71761988011991,93.89064685314678,POINT (6122348.87154092 1943661.09954374),26539.057587462525,-1149.8102847088812
299,23,1,60656,48,-137.0,Stevens Creek & Wolfe,66.9904445227975,88.55780126736008,155.54824579015758,POINT (6121122.69649982 1943673.64184149),25313.077685017288,-1225.9799024452368
300,23,1,60657,49,-55.0,Stevens Creek & Portal,10.58208041958042,19.100757575757576,29.682837995337977,POINT (6119702.38930108 1943694.49055307),23892.48148243787,-1420.5962025794179
301,23,1,60658,50,-76.5,Stevens Creek & Blaney,7.370496170496169,22.296682484182487,29.667178654678654,POINT (6118664.34807009 1943705.54532097),22854.174180116534,-1038.3073023213365
302,23,1,60659,51,-105.5,Stevens Creek & Vista,15.540721778221778,41.38506909756908,56.92579087579089,POINT (6117385.59734675 1943722.0252749),21576.216601469994,-1277.9575786465393
303,23,1,60660,52,-117.5,Stevens Creek & De Anza,85.34525613275612,218.67659334129925,304.02184947405533,POINT (6115865.54428449 1943743.24668914),20054.908393807742,-1521.3082076622522
304,23,1,60661,53,-137.0,Stevens Creek & Saich,35.1929375363199,101.81579539741304,137.00873293373286,POINT (6114945.06515433 1943758.70794432),19134.54834848714,-920.3600453206018
305,23,1,60662,54,-169.5,Stevens Creek & Stelling,29.058043753632,58.89374742904154,87.9517911826735,POINT (6113230.57448883 1943787.2751444),17420.056247955654,-1714.4921005314864
306,23,1,65637,55,-126.5,,,,,,,
307,25,0,60732,4,200.0,Fruitdale & Bascom,106.25024020097548,37.71652008122598,143.96676028220148,POINT (6145521.61095649 1938744.26948239),0.0,
308,25,0,60733,5,163.0,Fruitdale & Sherman Oaks,26.268726371667537,6.109071810542397,32.377798182209936,POINT (6146910.21480659 1938727.0766034),0.0,0.0
309,25,0,60734,6,142.0,Fruitdale & Leigh,62.22934369552021,13.573165968018904,75.80250966353908,POINT (6147665.39702325 1938714.84926565),0.0,0.0
310,25,0,60735,7,129.0,Fruitdale & Southwest Expressway,26.546956638133096,50.8118448544919,77.358801492625,POINT (6148987.38814567 1938697.31911698),0.0,0.0
311,25,0,60736,8,136.0,,,,,,,
312,25,0,60737,9,131.0,Meridian & Fruitdale,25.81878293275352,29.87751521354462,55.69629814629812,POINT (6150501.68236117 1938509.44055574),0.0,
313,25,0,65695,10,121.0,Meridian & Curci,19.06460263592616,17.127066152801444,36.1916687887276,POINT (6150496.03932783 1937558.37979381),0.0,0.0
314,25,0,60739,11,129.0,Willow & Meridian,31.79777395806808,14.19492925375278,45.99270321182086,POINT (6150662.24142325 1936198.33822256),0.0,0.0
315,25,0,60740,12,121.0,Willow & Camino Ramon,8.655711771888239,3.7410373123608407,12.39674908424908,POINT (6152065.40134658 1936637.46300048),0.0,0.0
316,25,0,60742,13,115.0,Willow & Carolyn,1.403431372549019,2.377481097334037,3.7809124698830576,POINT (6153032.10577799 1937167.32677014),0.0,0.0
317,25,0,60744,14,103.0,Willow & Lincoln,70.59801056786348,44.224611009905104,114.82262157776864,POINT (6154309.36733107 1937868.45561723),0.0,0.0
318,25,0,60745,15,75.0,Willow & Kotenberg,5.684034511240392,5.055608525461464,10.739643036701858,POINT (6155167.16810891 1938337.75553164),0.0,0.0
319,25,0,60746,16,60.0,Willow & Bird,20.95074280294868,9.066077305047893,30.016820107996583,POINT (6155967.5152615 1938876.76199956),0.0,0.0
320,25,0,60747,17,49.0,Willow & Delmas,4.358292197998079,5.57107035121741,9.929362549215488,POINT (6156302.57659924 1939110.64703047),0.0,0.0
321,25,0,60749,18,12.0,Willow & Minnesota,11.572632677779737,7.772988694312223,19.34562137209196,POINT (6157376.9848835 1939873.56676447),0.0,0.0
322,25,0,65906,19,-11.0,Tamien Station,161.6488522914994,183.010487551664,344.6593398431635,POINT (6159056.16229941 1938604.03091773),0.0,0.0
323,25,0,60751,20,-33.0,Willow & Palm,34.65036099521395,27.268805867335285,61.91916686254922,POINT (6158996.70933433 1941013.71671514),0.0,0.0
324,25,0,60752,21,-37.0,Willow & Almaden,79.0114603533721,44.15866935352232,123.17012970689444,POINT (6159710.54550508 1941514.78395449),0.0,0.0
325,25,0,60753,22,-40.0,Graham & Mastic,20.11388652197476,9.132920266008504,29.24680678798325,POINT (6160324.81461775 1941596.38845006),0.0,0.0
326,25,0,60754,23,-62.0,Keyes & 1st,286.23221753736453,138.58115642527406,424.8133739626387,POINT (6161172.77814491 1941965.88049322),0.0,0.0
327,25,0,60755,24,-74.0,Keyes & 5th,17.80262833571657,11.64684669905258,29.449475034769144,POINT (6162023.44311024 1942441.68892482),0.0,0.0
328,25,0,60756,25,-96.0,Keyes & 7th,25.164439563704278,21.98316520081225,47.14760476451653,POINT (6162873.96339083 1942929.54195173),0.0,0.0
329,25,0,60757,26,-117.0,Keyes & 10th,83.94091692621106,93.2060557089968,177.14697263520793,POINT (6163849.96143883 1943488.77902223),0.0,0.0
330,25,0,60758,27,-128.0,Keyes & 12th,170.61400290885575,88.43069757040352,259.04470047925935,POINT (6164384.22021283 1943790.8578144),505.19380130606515,505.19380130606515
331,25,0,60759,28,-189.0,Story & Roberts,80.07396892323364,130.54516496575323,210.61913388898688,POINT (6166565.76473425 1945108.96574248),3056.1519745497008,2550.9581732436354
332,25,0,60760,29,-198.0,Story & Lucretia,91.3805226636109,91.2846911258676,182.6652137894785,POINT (6167160.20022516 1945614.87221098),3836.4578303752883,780.3058558255875
333,25,0,60761,30,-215.0,Story & McLaughlin,171.772513189425,94.07342200283377,265.8459351922587,POINT (6168258.17276675 1946518.43077131),5258.847998903024,1422.3901685277356
334,25,0,60762,31,-318.0,Story & King,215.48002055134404,364.2670808766398,579.7471014279838,POINT (6171360.53795308 1949080.63201173),9305.320043674921,4046.4720447718973
335,25,0,60764,32,-382.0,Story & Hopkins,36.87672939805296,38.51030587059999,75.38703526865285,POINT (6172977.51995534 1950414.26878014),11401.138799017359,2095.8187553424377
336,25,0,60765,33,-416.0,Story & Karl,22.040499696382057,59.88641277023631,81.9269124666183,POINT (6173753.89537108 1951055.36198615),12408.092137634156,1006.9533386167968
337,25,0,60766,34,-439.0,Story & Jackson,30.339448460036696,63.88956484691776,94.22901330695451,POINT (6174512.613998 1951683.9837604),13393.478251038245,985.386113404089
338,25,0,60767,35,-461.0,Story & Leeward,7.897345138521608,29.864654299948413,37.76199943847003,POINT (6174997.99262041 1952084.91701365),14023.015902497596,629.5376514593518
339,25,0,60768,36,-495.0,Story & Capitol,21.68505987476576,30.6551850926851,52.34024496745086,POINT (6175728.61911191 1952684.1116814),14969.015976799765,946.0000743021683
340,25,0,60769,37,-520.0,Story & McGinness,20.793525102348628,83.14459813062756,103.93812323297614,POINT (6176832.8554205 1953618.87195098),16304.360811480052,1335.344834680287
341,25,0,60770,38,-548.0,Story & Lyndale,9.410116354233995,68.03316936331643,77.44328571755042,POINT (6177459.89583308 1954134.36895148),16304.360811480052,0.0
342,25,0,63600,39,-576.0,White & Story,129.87972795178678,264.2569224076578,394.13665035944433,POINT (6178109.03823557 1955146.98405223),16304.360811480052,0.0
343,25,0,63601,40,-37.0,White & Buckner,24.173339405692357,35.15905303846483,59.33239244415719,POINT (6177699.65585224 1955715.72110373),16304.360811480052,0.0
344,25,0,63602,41,-76.0,White & Easthills,9.22426650147238,36.27964625244038,45.50391275391277,POINT (6176959.3315455 1956764.71145982),16304.360811480052,0.0
345,25,0,63603,42,-104.0,White & Florence,19.197741147741148,28.73718520042049,47.93492634816164,POINT (6176416.50946841 1957533.08525115),16304.360811480052,0.0
346,25,0,63062,43,-129.0,Alum Rock & White,38.32730904716203,95.94482298747003,134.27213203463202,POINT (6175612.363767 1958378.73513465),16304.360811480052,0.0
347,25,0,63063,44,-152.0,Alum Rock & Cedar,5.592969367234072,10.064819902319895,15.657789269553971,POINT (6174958.59801416 1958003.12696198),16304.360811480052,0.0
348,25,0,63864,45,-164.0,Capitol & Alum Rock,7.030726952785773,175.992697743433,183.0234246962188,POINT (6173689.97423908 1956967.73664431),16304.360811480052,0.0
349,25,0,65047,46,-185.0,Alum Rock Station,268.57606723342025,282.2461016924252,550.8221689258451,POINT (6174320.37684967 1955679.52366956),15901.51042434792,-402.8503871321318
350,25,0,60769,62,-152.0,Story & McGinness,20.793525102348628,83.14459813062756,103.93812323297614,POINT (6176832.8554205 1953618.87195098),16304.360811480052,402.8503871321318
351,25,0,60770,63,-178.0,Story & Lyndale,9.410116354233995,68.03316936331643,77.44328571755042,POINT (6177459.89583308 1954134.36895148),16304.360811480052,0.0
352,25,0,63600,64,-201.0,White & Story,129.87972795178678,264.2569224076578,394.13665035944433,POINT (6178109.03823557 1955146.98405223),16304.360811480052,0.0
353,25,0,63601,65,-222.0,White & Buckner,24.173339405692357,35.15905303846483,59.33239244415719,POINT (6177699.65585224 1955715.72110373),16304.360811480052,0.0
354,25,0,63602,66,-270.0,White & Easthills,9.22426650147238,36.27964625244038,45.50391275391277,POINT (6176959.3315455 1956764.71145982),16304.360811480052,0.0
355,25,0,63603,67,-305.0,White & Florence,19.197741147741148,28.73718520042049,47.93492634816164,POINT (6176416.50946841 1957533.08525115),16304.360811480052,0.0
356,25,0,63062,68,-338.0,Alum Rock & White,38.32730904716203,95.94482298747003,134.27213203463202,POINT (6175612.363767 1958378.73513465),16304.360811480052,0.0
357,25,0,63063,69,-368.0,Alum Rock & Cedar,5.592969367234072,10.064819902319895,15.657789269553971,POINT (6174958.59801416 1958003.12696198),16304.360811480052,0.0
358,25,0,63864,70,-411.0,Capitol & Alum Rock,7.030726952785773,175.992697743433,183.0234246962188,POINT (6173689.97423908 1956967.73664431),16304.360811480052,0.0
359,25,0,65047,71,-446.0,Alum Rock Station,268.57606723342025,282.2461016924252,550.8221689258451,POINT (6174320.37684967 1955679.52366956),15901.51042434792,-402.8503871321318
360,25,1,63038,2,190.5,Alum Rock & Capitol,71.6615121806298,2.20781546884488,73.86932764947468,POINT (6173769.22736141 1957225.8742514),16304.360811480052,
361,25,1,63040,3,166.5,Alum Rock & Cedar,8.492296184207948,9.979733501792316,18.47202968600027,POINT (6174885.24415825 1957872.71547739),16304.360811480052,0.0
362,25,1,63681,4,158.0,White & Alum Rock,129.13752930076458,61.804011674599934,190.9415409753645,POINT (6175889.93342184 1958153.76281556),16304.360811480052,0.0
363,25,1,63682,5,132.0,White & Easthills,53.80700369891552,25.173446896241018,78.9804505951565,POINT (6176539.7851405 1957228.0100739),16304.360811480052,0.0
364,25,1,60780,6,99.0,White & Woodhaven,38.59969205630974,38.3356050811933,76.93529713750301,POINT (6177400.8779065 1956026.54725373),16304.360811480052,0.0
365,25,1,60781,7,85.5,Story & White,233.53914525017467,59.00950552715257,292.5486507773273,POINT (6178123.43518841 1954766.25449874),16304.360811480052,0.0
366,25,1,60782,8,55.0,Story & Lyndale,57.26034374122609,12.859422848393438,70.11976658961952,POINT (6177205.773966 1954027.26155415),16304.360811480052,0.0
367,25,1,60783,9,40.0,Story & McGinness,40.39509403994698,15.118476947888714,55.513570987835685,POINT (6176640.17568775 1953560.78742148),16231.404745222666,-72.95606625738583
368,25,1,60784,10,31.0,Story & Capitol,43.60537664949429,18.07894458482693,61.68432123432124,POINT (6175812.721634 1952874.82028948),15153.231381222575,-1078.1733640000912
369,25,1,60785,11,-0.5,Story & Leeward,33.48947988286225,13.438873789609085,46.92835367247133,POINT (6174936.14366275 1952151.34142148),14017.367866612327,-1135.8635146102479
370,25,1,60786,12,-28.0,Story & Jackson,135.10044457176804,43.209926837868025,178.3103714096361,POINT (6174062.18215609 1951431.13026348),12885.033880535884,-1132.3339860764427
371,25,1,60787,13,-55.5,Story & Hopkins,43.60540831717303,29.58583491671727,73.19124323389028,POINT (6172861.34630316 1950442.87535022),11329.921104883566,-1555.1127756523183
372,25,1,60789,14,-104.0,Story & King,348.70282070870303,210.53319254275144,559.2360132514544,POINT (6171412.06081592 1949247.03358181),9451.738696224402,-1878.1824086591641
373,25,1,60790,15,-102.0,Story & McLaughlin,111.99669774669772,178.2626416067593,290.2593393534571,POINT (6167803.26816475 1946267.92864765),4747.679532382188,-4704.059163842214
374,25,1,60791,16,-125.5,Story & Lucretia,166.62018977754272,140.63415595842062,307.2543457359634,POINT (6166840.44003791 1945481.50075856),3504.58349945666,-1243.096032925528
375,25,1,65824,17,-129.5,Story & Remillard,30.50970704132468,12.484204520969223,42.99391156229393,POINT (6166046.57942091 1944820.09853806),2467.4400953050913,-1037.1434041515686
376,25,1,60792,18,-172.5,,,,,,,
377,25,1,60793,19,-184.0,Keyes & 10th,50.8514142720025,54.83686387142269,105.6882781434252,POINT (6163568.90786707 1943400.03346482),0.0,
378,25,1,60794,20,-201.5,Keyes & 7th,20.675411598205717,24.376415577886167,45.05182717609189,POINT (6162665.62095974 1942881.61619456),0.0,0.0
379,25,1,60795,21,-214.5,Keyes & 5th,10.76652122387416,25.537284610814023,36.3038058346882,POINT (6161943.54792883 1942466.89589539),0.0,0.0
380,25,1,60796,22,-222.0,Goodyear & 1st,155.02278456837283,288.02435938244776,443.0471439508205,POINT (6160947.70313574 1941888.35472965),0.0,0.0
381,25,1,60797,23,-36.0,Willow & Almaden,46.216171491906806,76.70793373293375,122.92410522484047,POINT (6159680.91400266 1941536.70615473),0.0,0.0
382,25,1,60798,24,-58.0,Willow & Palm,29.52598749289925,38.7044058882294,68.23039338112865,POINT (6158841.88418466 1940947.91369714),0.0,0.0
383,25,1,65906,25,-123.0,,,,,,,
384,25,1,60799,26,-26.0,Willow & Minnesota,9.17526068702539,11.769797767591886,20.945058454617264,POINT (6157369.21751058 1939918.4718584),0.0,
385,25,1,60801,27,-41.0,Willow & Shepherd,6.882231738849385,10.630755927079456,17.51298766592885,POINT (6156345.51516166 1939201.04350322),0.0,0.0
386,25,1,60802,28,-61.666666666666664,Willow & Bird,7.715981240981239,19.87258248287659,27.588563723857828,POINT (6155535.896046 1938624.29367247),0.0,0.0
387,25,1,60803,29,-72.66666666666667,Willow & Chabrant,3.869756142550261,3.489330767271944,7.359086909822203,POINT (6155125.65211584 1938362.40935373),0.0,0.0
388,25,1,60804,30,-94.66666666666667,Willow & Lincoln,40.06696269416856,71.96472718458013,112.03168987874872,POINT (6154094.80542424 1937797.38259664),0.0,0.0
389,25,1,60805,31,-30.666666666666668,Willow & Carolyn,1.4002307333189683,2.3633026287438046,3.763533362062774,POINT (6153023.68125416 1937206.78075948),0.0,0.0
390,25,1,60806,32,-49.0,Willow & Camino Ramon,2.7774529392176444,6.233826549267719,9.011279488485362,POINT (6152029.12582858 1936662.40684822),0.0,0.0
391,25,1,60808,33,-65.66666666666667,Meridian & Willow,30.43790196731373,58.605550984962726,89.04345295227647,POINT (6150562.49424741 1936334.94228007),0.0,0.0
392,25,1,65696,34,-79.66666666666667,Meridian & Curci,17.513510345863274,21.393289308730463,38.90679965459377,POINT (6150608.42853874 1937739.11860557),0.0,0.0
393,25,1,60811,35,-90.66666666666667,,,,,,,
394,25,1,60812,36,-44.0,Fruitdale & Goodwin,16.91561673620497,13.89628631172749,30.81190304793245,POINT (6148630.34259991 1938763.54798715),0.0,
395,25,1,60813,37,-73.0,Fruitdale & Leigh,13.27419018889606,71.43564499226262,84.70983518115871,POINT (6147687.25918424 1938775.32880348),0.0,0.0
396,25,1,60814,38,-110.66666666666667,Fruitdale & Sherman Oaks,7.568876548288315,17.718084937937878,25.286961486226183,POINT (6146570.62198183 1938793.06662889),0.0,0.0
397,25,1,60815,39,-145.0,Bascom & Fruitdale,142.5156167362049,198.24482641541476,340.7604431516197,POINT (6145332.2097605 1938912.12446165),0.0,0.0
398,25,1,60816,40,-123.0,Jeffrey V. Smith & Turner (Valley Medical Center),58.50939534321886,124.79731077745784,183.3067061206767,POINT (6144653.343008 1940335.76892406),0.0,0.0
399,25,1,60820,41,20.0,Moorpark & Thornton,28.83355239531709,5.88636159592042,34.71991399123752,POINT (6143153.42310758 1940806.69580373),0.0,0.0
400,25,1,60821,42,-14.0,Moorpark & Monroe,0.9235267183796588,4.318394922071393,5.241921640451053,POINT (6142273.832019 1940819.87392698),0.0,0.0
401,25,1,60822,43,-83.0,Winchester & Moorpark,25.32020250990838,76.08211257696549,101.40231508687393,POINT (6139937.46792533 1940648.78306182),0.0,0.0
402,25,1,60823,44,-104.0,Winchester & Magliocco,40.12460317460317,55.65178579590345,95.77638897050664,POINT (6139933.05126749 1940007.22463365),0.0,0.0
403,25,1,60825,45,-153.0,Williams & Winchester,35.366229930200504,38.0449116243234,73.4111415545239,POINT (6139741.82035075 1938234.60842822),0.0,0.0
404,25,1,60826,46,10.0,Williams & Eden,6.501739518651275,3.610068036538624,10.111807555189907,POINT (6138352.39891699 1938238.70618907),0.0,0.0
405,25,1,60828,47,-9.0,Williams & Cypress,6.833354227471877,6.998394334423747,13.831748561895616,POINT (6137010.25133882 1938252.69730282),0.0,0.0
406,25,1,60829,48,0.0,Williams & Boynton,15.99423280967398,33.258481795981815,49.25271460565576,POINT (6135004.97122866 1938158.79493156),0.0,0.0
407,25,1,60830,49,15.0,Williams & Oakmont,10.335523136993723,20.172992611963203,30.508515748956917,POINT (6134010.28227316 1938109.22514881),0.0,0.0
408,25,1,60831,50,4.0,Williams & Orchid,2.418264007234596,17.369863306628012,19.788127313862603,POINT (6132919.34285399 1938098.71532731),0.0,0.0
409,25,1,60832,51,-7.0,Williams & Saratoga,27.995657773598943,49.57511916188383,77.5707769354828,POINT (6131781.30641617 1938108.29273598),0.0,0.0
410,60,0,62706,2,157.0,Winchester & Budd,36.50759028553146,1.6695945394474807,38.17718482497892,POINT (6139920.29866832 1928069.23702674),0.0,
411,60,0,62707,3,106.0,Winchester & Rincon,19.63581712405242,0.3129901960784313,19.94880732013085,POINT (6139932.38722683 1929582.07848923),0.0,0.0
412,60,0,62708,4,85.0,Winchester & Campbell,74.09404108962933,10.386331642213992,84.48037273184335,POINT (6139942.64508033 1930413.26613131),0.0,0.0
413,60,0,62709,5,55.0,Winchester & Latimer,5.966766648384298,4.933880090497735,10.900646738882031,POINT (6139949.90589258 1931689.48733215),0.0,0.0
414,60,0,62710,6,37.0,Winchester & Hamilton,49.4299810483634,21.21593137254903,70.6459124209124,POINT (6139958.05941959 1932459.89524014),0.0,0.0
415,60,0,62711,7,178.5,Winchester & Colonial,51.23043908705672,38.444488436400206,89.67492752345693,POINT (6139981.52000257 1933823.98929673),0.0,0.0
416,60,0,62712,8,165.5,Winchester & Driftwood,61.78168514492043,11.820323630617752,73.60200877553818,POINT (6139988.46093358 1934516.12472348),0.0,0.0
417,60,0,62713,9,146.5,Winchester & Payne,78.61461324623092,31.525894203835374,110.1405074500663,POINT (6139997.41892092 1935620.07855231),0.0,0.0
418,60,0,62714,10,115.5,Winchester & Walgrove,20.727778104248685,11.907730912877968,32.635509017126665,POINT (6140009.64855525 1937442.07950148),0.0,0.0
419,60,0,62095,11,101.0,Winchester & Williams,83.44136394651096,73.03978154198744,156.48114548849836,POINT (6140011.90248774 1938413.58838522),0.0,0.0
420,60,0,60722,12,73.5,Winchester & Magliocco,64.01413039574807,44.41911250514193,108.43324290089,POINT (6140027.59504166 1939801.83724914),0.0,0.0
421,60,0,62716,13,56.5,Winchester & Moorpark,31.922571709336403,15.843041598923952,47.76561330826036,POINT (6140031.95789383 1940684.09762374),0.0,0.0
422,60,0,62717,14,49.5,Winchester & Olsen,24.316511674599912,25.13139148433266,49.44790315893258,POINT (6140047.324661 1941807.25285773),0.0,0.0
423,60,0,62718,15,39.5,Winchester & Olin,16.433873316226258,37.07582588979648,53.50969920602272,POINT (6140045.69408683 1942602.93925849),0.0,0.0
424,60,0,65907,16,32.0,WINCHESTER & STEVENS CREEK,66.80991606432782,115.36421805318864,182.1741341175165,POINT (6140061.03231074 1943836.79604273),0.0,0.0
425,60,0,64927,17,57.0,Winchester & Forest,59.36667572623454,26.014773625067736,85.38144935130224,POINT (6140049.70490558 1944607.14259915),0.0,0.0
426,60,0,62720,18,47.0,Winchester & Woodland,10.093224259400724,12.061491449726743,22.154715709127466,POINT (6140083.49289575 1946355.98162115),0.0,0.0
427,60,0,62721,19,37.0,Winchester & Kenwood,12.824670754082511,7.588334296422531,20.41300505050505,POINT (6140087.16185166 1946968.0561844),0.0,0.0
428,60,0,62722,20,24.5,Winchester & Tulip,3.660252084516789,5.502422250951661,9.162674335468449,POINT (6140099.87836166 1947751.13992006),0.0,0.0
429,60,0,62723,21,12.5,Winchester & Newhall,18.32669267007502,12.268692581927878,30.595385252002902,POINT (6140121.47444709 1948713.24626356),0.0,0.0
430,60,0,62725,22,17.0,Bellomy & Lincoln,8.127348958231305,12.4159054181113,20.54325437634261,POINT (6140369.55564383 1950407.05783656),0.0,0.0
431,60,0,62726,23,20.0,Monroe & Bellomy,3.867907909084378,6.051249485808309,9.919157394892688,POINT (6141468.148591 1951002.19641006),0.0,0.0
432,60,0,60464,24,5.5,,,,,,,
433,60,0,61472,25,15.5,Benton & Main,8.776253240223829,18.81027101982984,27.58652426005366,POINT (6141306.184348 1953239.10597824),0.0,
434,60,0,61473,26,-46.5,Benton & Alviso,7.692179960562308,21.74360892375597,29.43578888431829,POINT (6142389.65724666 1953710.70411639),0.0,0.0
435,60,0,60391,27,-94.0,Benton & Sherman,17.724094369682582,43.34934787434788,61.073442244030446,POINT (6143346.16911316 1954114.01662998),0.0,0.0
436,60,0,65228,28,-83.0,Santa Clara Transit Center,194.24108709917536,150.11373789609078,344.3548249952661,POINT (6143971.91359659 1954351.65526231),0.0,0.0
437,60,0,64543,29,39.5,Coleman & Brokaw,23.126327185886016,23.32677330839095,46.45310049427695,POINT (6144767.11541824 1955556.06853589),1183.6988736545286,1183.6988736545286
438,60,0,64545,30,-72.0,Coleman & Earthquakes,13.671751859251858,20.918347502171027,34.59009936142291,POINT (6147760.93095291 1953899.35957898),0.0,-1183.6988736545286
439,60,0,60008,31,-86.5,San Jose Airport Terminal A,106.41027820218996,97.1836573557162,203.59393555790604,POINT (6146822.45087449 1959780.7825274),1382.034516296711,1382.034516296711
440,60,0,66019,32,-101.0,San Jose Airport Terminal B,105.51564358843768,69.77195386313034,175.28759745156796,POINT (6148161.17227842 1958273.94794264),1344.2600899802721,-37.77442631643885
441,60,0,65952,33,-79.0,SKYPORT & TECHNOLOGY,10.974962619080264,27.90470820029643,38.87967081937671,POINT (6150083.01521949 1958642.0761434),2602.1823015089694,1257.9222115286973
442,60,0,65867,34,-147.5,1ST & METRO,57.75118639530409,111.31920832435536,169.07039471965945,POINT (6150544.902091 1959913.96894081),4429.829152957281,1827.6468514483113
443,60,0,65954,35,-21.666666666666668,BROKAW & 1ST,29.277457346575,20.04367780911897,49.32113515569399,POINT (6149769.10114916 1961634.28210123),6477.616640139846,2047.7874871825652
444,60,0,62636,36,-57.333333333333336,Brokaw & Bering,10.45137493225729,4.716516490045899,15.167891422303192,POINT (6150790.16603616 1962681.41124056),7947.407104702373,1469.7904645625267
445,60,0,62638,37,-82.0,Brokaw & Rogers,7.632625462772521,9.570924990042636,17.203550452815158,POINT (6151541.19143699 1963285.47860198),8911.085274021661,963.6781693192888
446,60,0,62639,38,-99.66666666666667,Brokaw & Junction,15.086808452984917,15.936890070713602,31.023698523698503,POINT (6152470.88380332 1963985.19636264),10075.222906845855,1164.1376328241931
447,60,0,62640,39,-143.33333333333334,Brokaw & Ridder Park,8.240647179617767,24.585475472240173,32.82612265185795,POINT (6154888.25560899 1964720.18111314),12804.798835576185,2729.57592873033
448,60,0,62641,40,-163.33333333333334,Murphy & Oakland,29.275514926250217,49.64635389120686,78.92186881745704,POINT (6156364.32745999 1964773.1504954),14327.16288075086,1522.364045174676
449,60,0,62642,41,-108.33333333333333,Murphy & Ringwood,4.209631871396576,20.619405920876503,24.829037792273077,POINT (6157971.57227699 1965676.34980448),16184.318994839161,1857.1561140883005
450,60,0,65815,42,-91.66666666666667,Lundy & Hostetter,20.5284603468427,88.81212986360043,109.34059021044308,POINT (6158904.9070245 1966697.76967764),17756.284002568747,1571.9650077295864
451,60,0,63918,43,-128.33333333333334,Lundy & McKay,10.12883791045555,40.5999820440997,50.72881995455524,POINT (6158023.09153092 1968050.17215656),19370.969425601517,1614.68542303277
452,60,0,63919,44,-163.5,Lundy & Commerce,2.8159077850254333,6.626229081376137,9.442136866401569,POINT (6157704.89859775 1969220.16194256),20616.533698477862,1245.564272876345
453,60,0,63920,45,-186.0,Lundy & Concourse,6.029826301149828,14.404291705027,20.434118006176824,POINT (6157660.01286075 1970226.96143815),21624.27496715836,1007.7412686804964
454,60,0,63921,46,-215.5,Lundy & Fortune,2.1094510881275577,15.099696790137962,17.209147878265526,POINT (6157647.27305683 1971578.49285582),22984.333468425324,1360.0585012669653
455,60,0,63922,47,-215.5,Trade Zone & Lundy,0.5499500499500496,7.18737406384465,7.737324113794701,POINT (6157459.64613549 1972401.70118314),24033.468895318947,1049.135426893623
456,60,0,63923,48,-239.0,Trade Zone & Ringwood,3.854212780683368,10.025390132743071,13.87960291342644,POINT (6156359.67294174 1972528.41746515),24033.468895318947,0.0
457,60,0,63926,49,-233.0,Montague & Trade Zone,5.174993470581705,46.688427585486416,51.86342105606813,POINT (6155922.20760933 1972724.66444798),24033.468895318947,0.0
458,60,0,65882,50,-233.5,MILPITAS BART - 6,322.55477520845164,325.1055660842425,647.6603412926939,POINT (6157506.77563441 1974809.09236573),23993.26776919847,-40.20112612047524
459,60,1,64585,2,104.0,Montague & Great Mall,23.258238003826225,2.573072597337303,25.831310601163537,POINT (6156408.2702855 1974423.79818881),24033.468895318947,
460,60,1,63942,3,115.5,Trade Zone & Ringwood,21.85895289351172,8.162364188099483,30.021317081611198,POINT (6156415.88674007 1972440.91271889),24033.468895318947,0.0
461,60,1,63943,4,105.5,Lundy & Trade Zone,13.44915288959406,0.7119291656056357,14.161082055199698,POINT (6157700.0275445 1972078.77236706),23490.281135615653,-543.1877597032944
462,60,1,63944,5,100.5,Lundy & Fortune,10.186004273504272,2.367148782589957,12.55315305609423,POINT (6157583.35914266 1971636.97764698),23024.004478942476,-466.27665667317706
463,60,1,63945,6,72.0,Lundy & Concourse,13.050135158958692,5.433436742995563,18.483571901954253,POINT (6157598.38568741 1969911.7996669),21311.765807555654,-1712.2386713868218
464,60,1,63946,7,64.5,Lundy & Commerce,5.138535320888265,2.93398847884142,8.07252379972968,POINT (6157634.2284635 1969098.13134673),20497.75715252501,-814.0086550306441
465,60,1,63947,8,46.0,Lundy & McKay,48.11994321038438,14.212274979922034,62.33221819030639,POINT (6157996.021047 1967948.97780515),19300.400697437042,-1197.3564550879673
466,60,1,62672,9,26.0,Murphy & Lundy,46.003030711118925,15.219604251957191,61.22263496307615,POINT (6158790.47779141 1966426.72067906),17288.598295431417,-2011.8024020056255
467,60,1,62673,10,14.5,Murphy & Ringwood,26.624460098724796,13.762079423844126,40.38653952256893,POINT (6157627.90400109 1965564.20042248),15840.72712836485,-1447.871167066567
468,60,1,62674,11,-6.5,Brokaw & Oakland,39.5160426175132,22.282154365242597,61.79819698275583,POINT (6155723.91043374 1964949.84732048),13675.287567924343,-2165.439560440507
469,60,1,62675,12,-24.5,Brokaw & Ridder Park,12.171857309357303,6.0799688873218285,18.251826196679144,POINT (6154620.67510742 1964703.79367873),12565.952065432242,-1109.3355024921002
470,60,1,62676,13,-97.5,Brokaw & Junction,19.5003938871586,29.47547681077092,48.97587069792952,POINT (6151806.94681099 1963642.33976489),9340.461882234422,-3225.4901831978204
471,60,1,65953,14,-123.5,1ST & BROKAW,17.166847205082497,38.098823317205664,55.265670522288175,POINT (6149607.297667 1961293.70797923),6093.118849163222,-3247.3430330712
472,60,1,60014,15,-139.5,1st & Metro @ Metro Station,99.06068620921565,57.99546564546564,157.05615185468125,POINT (6150233.01229483 1960218.74228139),4847.907479786246,-1245.211369376976
473,60,1,64656,16,-35.0,Skyport & Technology,24.34074960986725,11.627225633843278,35.967975243710555,POINT (6150015.83228299 1958735.22195448),2588.6876143313175,-2259.2198654549284
474,60,1,60008,17,-91.66666666666667,,,,,,,
475,60,1,60011,18,-66.66666666666667,San Jose Airport Terminal B,101.89522928052337,69.91789248333367,171.81312176385703,POINT (6148114.70649208 1958314.71065639),1344.2600899802721,
476,60,1,64522,19,-86.66666666666667,Coleman & Newhall,9.337528321351853,11.463358047181574,20.80088636853342,POINT (6148015.44717616 1953852.15429281),0.0,-1344.2600899802721
477,60,1,64523,20,-107.66666666666667,Coleman & Earthquakes,6.246420409655702,11.31097725803608,17.557397667691784,POINT (6147411.83716291 1954226.21522447),0.0,0.0
478,60,1,64524,21,-98.0,Coleman & Brokaw,13.687268613739196,21.88843925682161,35.57570787056082,POINT (6144914.01866774 1955639.02735949),1183.6988736545286,1183.6988736545286
479,60,1,60020,22,-112.66666666666667,,,,,,,
480,60,1,65843,23,-96.0,Santa Clara Transit Center,175.7124845742493,180.9943977591036,356.706882333353,POINT (6144037.09817749 1954318.24522415),0.0,
481,60,1,60461,24,11.5,Benton & El Camino,36.111514384308485,15.610469106057336,51.72198349036584,POINT (6143295.21481875 1954146.48113199),0.0,0.0
482,60,1,65788,25,-25.5,Benton & Lafayette,7.316567664361782,5.381204987822636,12.697772652184414,POINT (6141866.47915916 1953546.89637315),0.0,0.0
483,60,1,61475,26,-49.0,Benton & Main,16.877713054918924,5.543825129119246,22.42153818403816,POINT (6141317.01700349 1953300.47954315),0.0,0.0
484,60,1,60387,27,-61.0,,,,,,,
485,60,1,62746,28,-45.5,Market & Monroe,7.648854740031211,6.472873205226145,14.121727945257357,POINT (6141243.680536 1951245.27367981),0.0,
486,60,1,62747,29,-56.5,Market & Lincoln,6.878189620836677,5.963451744334098,12.84164136517077,POINT (6140219.31217791 1950805.57738073),0.0,0.0
487,60,1,62748,30,-47.0,Winchester & Bellomy,7.631733299380356,6.700990757608403,14.332724056988754,POINT (6139762.27962741 1950055.96372248),0.0,0.0
488,60,1,62749,31,-73.0,Winchester & Newhall,19.640924435042077,18.2507841015194,37.89170853656147,POINT (6140052.55168466 1948506.02226856),0.0,0.0
489,60,1,62750,32,-87.5,Winchester & Tulip,4.088331684655214,7.296795524736702,11.385127209391912,POINT (6140031.48053259 1947596.70879848),0.0,0.0
490,60,1,62751,33,-103.0,Winchester & Dolores,10.632434966993795,11.788508142184613,22.4209431091784,POINT (6140017.50615108 1946826.39012915),0.0,0.0
491,60,1,61618,34,-108.5,Winchester & Pruneridge,6.74187471025706,12.482437986849751,19.22431269710681,POINT (6139993.80541109 1945709.91795264),0.0,0.0
492,60,1,64926,35,-128.5,Winchester & Worthington,39.79433564801213,70.95200567406447,110.74634132207662,POINT (6139964.88486524 1944575.68367256),0.0,0.0
493,60,1,62753,36,-133.5,Winchester & Stevens Creek,114.04481188745888,63.61646743779094,177.66127932524995,POINT (6139971.84909016 1943129.91195782),0.0,0.0
494,60,1,62754,37,-41.0,Winchester & Olsen,29.642949044419627,26.05287571905219,55.69582476347179,POINT (6139948.73102616 1941825.89553697),0.0,0.0
495,60,1,60822,38,-39.5,Winchester & Moorpark,25.32020250990838,76.08211257696549,101.40231508687393,POINT (6139937.46792533 1940648.78306182),0.0,0.0
496,60,1,60823,39,-47.5,Winchester & Magliocco,40.12460317460317,55.65178579590345,95.77638897050664,POINT (6139933.05126749 1940007.22463365),0.0,0.0
497,60,1,62755,40,-74.5,Winchester & Williams,50.52054693672343,56.60354514766282,107.1240920843862,POINT (6139911.36922425 1938120.18739723),0.0,0.0
498,60,1,62756,41,-38.0,Winchester & Greentree,3.8205269403798825,8.177111695494048,11.997638635873932,POINT (6139913.62709375 1936914.4621184),0.0,0.0
499,60,1,62757,42,-50.0,Winchester & Payne,31.166996320672784,98.78086766175,129.9478639824228,POINT (6139896.51065816 1935396.96384107),0.0,0.0
500,60,1,62758,43,-40.333333333333336,Winchester & Cadillac,39.08963928228635,78.24633438456968,117.33597366685603,POINT (6139883.86927925 1933961.69308956),0.0,0.0
501,60,1,62760,44,-17.666666666666668,Winchester & Hamilton,25.11129566707802,48.95748787356434,74.06868354064235,POINT (6139880.11830249 1932536.84554556),0.0,0.0
502,60,1,62761,45,-32.0,Winchester & Latimer,3.3739468864468867,8.92108594020358,12.295032826650466,POINT (6139882.52184099 1931452.74371114),0.0,0.0
503,60,1,62762,46,-45.666666666666664,Winchester & Campbell,9.925856251591544,61.75162337662338,71.67747962821491,POINT (6139859.41886882 1930543.82754998),0.0,0.0
504,60,1,62764,47,-101.33333333333333,Winchester & Mission,0.8242424242424236,21.06433403198109,21.88857645622352,POINT (6139863.94182566 1929220.81313564),0.0,0.0
505,60,1,62765,48,-139.33333333333334,Winchester & Catalpa,1.0500969618616676,25.023829520153043,26.07392648201471,POINT (6139859.44281891 1928554.8587589),0.0,0.0
506,60,1,65397,49,-165.0,,,,,,,
507,522,0,60336,5,101.0,El Camino & Page Mill,71.98633047279519,18.622602534067237,90.60863300686248,POINT (6085022.45013091 1980516.03895706),10502.684466713952,
508,522,0,60343,6,62.0,El Camino & Arastradero,66.26076929606343,36.60595572727924,102.86672502334268,POINT (6090330.29056507 1975716.68208598),17792.930399751844,7290.2459330378915
509,522,0,60347,7,-18.0,El Camino & Showers,328.2767404164464,179.51026032790733,507.7870007443535,POINT (6093922.88508591 1971893.94432464),23098.518791214257,5305.588391462414
510,522,0,60355,8,11.0,El Camino & Castro,168.81013390204564,86.6447938499409,255.45492775198665,POINT (6101792.86015958 1966567.14198615),32668.7599591777,9570.241167963442
511,522,0,60361,9,-48.0,El Camino & Knickerbocker,137.08336393998158,113.35882540661946,250.4421893466012,POINT (6109107.41245958 1962470.7377774),41060.31051658821,8391.550557410508
512,522,0,60366,10,18.5,El Camino & Sunnyvale-Saratoga,206.28874320124325,164.68905767435172,370.9778008755951,POINT (6116676.92356725 1959666.36608957),49207.420043220154,8147.109526631946
513,522,0,60368,11,-7.0,El Camino & Remington,145.21370475929297,111.41277954072068,256.6264843000138,POINT (6118673.10822317 1957526.05967465),52135.66291432667,2928.242871106515
514,522,0,60370,12,-46.5,El Camino & Wolfe,112.46525019098544,87.78768110973994,200.2529313007254,POINT (6121797.77159324 1954414.28276172),56552.17164327581,4416.508728949142
515,522,0,60373,13,-29.0,El Camino & Halford,170.8955093925682,123.51772288169347,294.4132322742616,POINT (6126103.48575082 1954168.01127264),60877.46500058175,4325.293357305942
516,522,0,60378,14,-58.5,El Camino & Kiely,196.48269214445685,130.36642018112605,326.8491123255829,POINT (6132551.84457324 1954093.54947931),67328.00172862332,6450.536728041567
517,522,0,60382,15,-99.5,El Camino & Scott,193.24662225029863,153.86541522203285,347.1120374723316,POINT (6137030.32478949 1954033.09290731),71807.33651063131,4479.334782007994
518,522,0,61316,16,-134.0,Santa Clara Transit Center,177.75093378843377,88.2988206238206,266.04975441225446,POINT (6144110.788975 1954081.51078948),78896.6388369068,7089.302326275487
519,522,0,60400,17,-164.66666666666666,The Alameda & Naglee,160.79183879845644,129.70788231376463,290.49972111222115,POINT (6148984.787101 1948553.67702889),78896.6388369068,0.0
520,522,0,60403,18,-225.0,The Alameda & Hanchett,120.07972232016344,68.30533192297897,188.3850542431425,POINT (6150818.96880008 1946595.94603623),78896.6388369068,0.0
521,522,0,60408,19,-277.3333333333333,Santa Clara & Montgomery,201.4695195327548,133.47078999431943,334.9403095270741,POINT (6154169.72161299 1946352.91929132),78896.6388369068,0.0
522,522,0,60410,20,-282.0,Santa Clara & Almaden Blvd,113.77992889463488,90.20796638002528,203.9878952746602,POINT (6156121.946055 1947090.27149114),78896.6388369068,0.0
523,522,0,65850,21,-255.33333333333334,Santa Clara & 2nd,302.12006930977526,329.5230968378028,631.6431661475775,POINT (6157671.70509458 1947988.13321248),78896.6388369068,0.0
524,522,0,60413,22,-87.0,Santa Clara & 6th,2008.3313936880124,1159.265020110608,3167.5964137986184,POINT (6158928.50802717 1948704.70395781),78896.6388369068,0.0
525,522,0,60418,23,-137.5,Santa Clara & 17th,74.73168653242185,195.31395124483356,270.04563777725554,POINT (6162125.66469058 1950549.64613406),78896.6388369068,0.0
526,522,0,60420,24,-166.25,Santa Clara & 24th,95.10504046606988,123.49301597095712,218.59805643702703,POINT (6164064.792374 1951680.29938456),78896.6388369068,0.0
527,522,0,65856,25,-137.25,Alum Rock & King,34.55937534687534,87.99397546897548,122.55335081585078,POINT (6167823.32193041 1953857.80979331),78896.6388369068,0.0
528,522,0,65858,26,-184.75,Alum Rock & Jackson,29.864699189699213,113.24741924741922,143.11211843711848,POINT (6171354.06880592 1955882.5186704),78896.6388369068,0.0
529,522,0,65846,27,-138.25,Capitol & Nuesta Castillo,75.5721472971473,138.93085248085245,214.50299977799983,POINT (6174468.83029291 1955571.80866189),78896.6388369068,0.0
530,522,0,64579,28,113.6,Capitol & Story,15.23609446109446,67.78882645132647,83.0249209124209,POINT (6176068.71488841 1952559.1217739),78896.6388369068,0.0
531,522,0,61884,29,-42.2,Capitol & Ocala,18.929513950102184,64.27853772044949,83.20805167055167,POINT (6178010.75988883 1948961.63257781),78896.6388369068,0.0
532,522,0,65812,30,-199.2,Eastridge Transit Center (Bay 5),0.0,1087.191627979863,1087.191627979863,POINT (6180650.18013491 1944273.75087748),78896.6388369068,0.0
533,522,1,60445,13,135.0,Santa Clara & Cahill,115.76268690459868,129.75330617095318,245.515993075552,POINT (6154143.02940917 1946434.52313073),78896.6388369068,
534,522,1,60449,14,113.0,The Alameda & Julian,87.3751758862053,111.26892315201142,198.64409903821672,POINT (6151087.65789525 1946423.29054165),78896.6388369068,0.0
535,522,1,60452,15,57.0,The Alameda & Taylor,145.55305185011065,124.8877442818619,270.44079613197255,POINT (6149022.07508416 1948635.04432023),78896.6388369068,0.0
536,522,1,60460,16,82.0,Santa Clara Transit Center,204.61689503307156,273.2972436876849,477.91413872075657,POINT (6143823.12583642 1954052.06301373),78896.6388369068,0.0
537,522,1,60468,17,7.0,El Camino & Scott,152.79689093586143,183.1872506578388,335.9841415937004,POINT (6137168.84288517 1954135.44112781),71943.29142698823,-6953.34740991857
538,522,1,60472,18,26.0,El Camino & Bowers,154.9156433435845,187.34735950324185,342.26300284682634,POINT (6132486.84371899 1954211.46722248),67260.8402132883,-4682.451213699926
539,522,1,60477,19,-29.0,El Camino & Lawrence,149.8619550384256,162.79366670910795,312.65562174753364,POINT (6126225.28865683 1954294.97033632),60999.45560706641,-6261.3846062218945
540,522,1,60480,20,-11.0,El Camino & Wolfe,94.9692584376408,109.58544388617916,204.55470232381995,POINT (6121346.03496391 1954846.19298714),55926.2946375774,-5073.160969489014
541,522,1,60482,21,18.5,El Camino & Fair Oaks,130.79323307411542,150.19678205781145,280.9900151319269,POINT (6118293.529586 1958081.02313164),51470.9637252906,-4455.330912286794
542,522,1,60484,22,4.0,El Camino & Sunnyvale,184.6028337675396,198.6747109916227,383.2775447591624,POINT (6116721.00287542 1959766.87933998),49161.63443615502,-2309.3292891355813
543,522,1,60489,23,-57.5,El Camino & Bernardo,114.458822549999,144.2848879878291,258.7437105378282,POINT (6109305.94880791 1962490.74003398),41225.26694496537,-7936.367491189652
544,522,1,60494,24,-65.5,El Camino & Castro,156.6157155752745,186.1256298440122,342.7413454192866,POINT (6101344.03034858 1966985.87080748),32064.32174733018,-9160.945197635188
545,522,1,60500,25,-148.66666666666666,El Camino & Showers,180.8278646190411,301.7052716074777,482.5331362265184,POINT (6093892.02163059 1972041.95977664),22993.18753337032,-9071.13421395986
546,522,1,60504,26,-174.33333333333334,El Camino & Charleston,36.49333313745078,73.44595478051362,109.9392879179644,POINT (6090104.27133209 1976267.93524857),17203.425988032803,-5789.761545337518
547,522,1,60511,27,-171.0,El Camino & Page Mill,25.2534119475296,82.70464486493903,107.95805681246854,POINT (6084829.49546432 1980791.45277631),10186.104987072624,-7017.321000960179
548,522,1,60512,28,-194.33333333333334,El Camino & California,42.25670922215041,84.85752654208538,127.1142357642358,POINT (6083695.59517308 1981548.43846706),8821.533624125292,-1364.571362947332
549,522,1,60517,29,-257.6666666666667,El Camino & Embarcadero,9.836765685295097,91.2880736910149,101.12483937631,POINT (6079540.24554417 1986249.99993007),2525.721183939593,-6295.8124401856985
550,522,1,60519,30,-215.75,,,,,,,
551,523,0,65923,2,-3.0,Mathilda & Innovation,19.07774904833728,1.290674603174603,20.36842365151189,POINT (6118335.40220566 1974083.76540431),15383.909915949007,
552,523,0,62279,3,-12.0,Mathilda & Ross,55.50806938159879,1.7736874236874234,57.28175680528621,POINT (6118057.95098892 1972284.27687731),17235.867546104695,1851.957630155688
553,523,0,62280,4,-36.0,Mathilda & Almanor,74.12431767578828,14.982817998994468,89.10713567478274,POINT (6117511.094143 1970037.2777624),19550.16228285875,2314.2947367540546
554,523,0,62282,5,-78.0,Mathilda & Maude,52.97390558787616,21.60663560295913,74.58054119083529,POINT (6116954.780295 1967785.70975898),21868.258630969958,2318.0963481112085
555,523,0,62284,6,-120.0,Mathilda & California,13.544932844932848,6.9991973712561935,20.54413021618905,POINT (6116422.45327567 1965691.0738564),24037.99059455725,2169.731963587292
556,523,0,61338,7,-100.0,Frances & Olson,233.23785691432755,105.32918127624008,338.56703819056764,POINT (6116779.77867649 1963501.03394514),0.0,-24037.99059455725
557,523,0,65901,8,-69.0,Sunnyvale-Saratoga & El Camino,206.7419487375371,165.3013138821962,372.0432626197332,POINT (6116335.84911816 1959764.08013298),0.0,0.0
558,523,0,62394,9,286.0,,,,,,,
559,523,0,62059,10,227.0,Homestead & De Anza,49.95239123621476,57.445570687482416,107.3979619236972,POINT (6115956.29180641 1949068.9437149),0.0,
560,523,0,62212,11,249.5,Stelling & Homestead,111.0070701357466,45.78322559793148,156.7902957336781,POINT (6113521.13230667 1948802.69851248),0.0,0.0
561,523,0,62214,12,226.5,Stelling & Greenleaf,9.866626265890975,6.33287096890038,16.199497234791345,POINT (6113496.35643758 1946486.73004732),0.0,0.0
562,523,0,60565,13,225.0,Stevens Creek & Stelling,199.51017748591275,201.0277574549633,400.5379349408759,POINT (6113616.59372991 1943669.84919815),0.0,0.0
563,523,0,60567,14,223.0,Stevens Creek & De Anza,127.65898243912947,54.21818271597683,181.87716515510635,POINT (6116366.99931833 1943623.96871248),0.0,0.0
564,523,0,60571,15,186.0,Stevens Creek & Miller,87.03860918493272,75.97098000039176,163.00958918532442,POINT (6121530.15631483 1943567.27033506),0.0,0.0
565,523,0,60574,16,176.0,,,,,,,
566,523,0,60576,17,163.0,Stevens Creek & Loma Linda,73.03007849993143,73.1779549698667,146.20803346979815,POINT (6127623.90068899 1943509.43613315),0.0,
567,523,0,60582,18,119.0,Stevens Creek & Kiely,185.74220640470645,174.09742985772394,359.8396362624304,POINT (6132984.44475791 1943467.78595398),0.0,0.0
568,523,0,60586,19,82.5,Stevens Creek & Cypress,83.05321067821069,54.80013638322463,137.85334706143533,POINT (6137329.6076555 1943436.45366757),0.0,0.0
569,523,0,64650,20,52.0,Stevens Creek & Winchester,85.84480862274977,95.8439114806762,181.68872010342596,POINT (6139741.317399 1943416.79228956),0.0,0.0
570,523,0,65740,21,57.5,Stevens Creek & Santana Row / Valley Fair,376.5634239126887,116.91708520237934,493.480509115068,POINT (6140837.77846067 1943422.75290756),0.0,0.0
571,523,0,60594,22,-39.0,San Carlos & Bascom,132.51596181596187,84.94071010688658,217.4566719228485,POINT (6145536.40653057 1943363.2326854),0.0,0.0
572,523,0,60600,23,-93.0,San Carlos & Grand,212.14257237860176,157.1120912584148,369.25466363701656,POINT (6150952.27365158 1943310.43882772),0.0,0.0
573,523,0,60603,24,-98.0,San Carlos & Barack Obama Blvd,63.277347244259055,112.40770512167572,175.68505236593475,POINT (6154646.17735299 1943797.87026756),0.0,0.0
574,523,0,60607,25,-241.0,San Carlos & Convention Center,21.843207038059973,130.62349382643504,152.46670086449504,POINT (6157817.57652199 1945749.03335997),0.0,0.0
575,523,0,65459,26,-212.66666666666666,1st & Paseo de San Antonio,10.563029699059111,172.4941777993248,183.057207498384,POINT (6158157.74447682 1946588.7990689),0.0,0.0
576,523,0,65850,27,-238.0,Santa Clara & 2nd,302.12006930977526,329.5230968378028,631.6431661475775,POINT (6157671.70509458 1947988.13321248),0.0,0.0
577,523,0,60413,28,-304.6666666666667,Santa Clara & 6th,2008.3313936880124,1159.265020110608,3167.5964137986184,POINT (6158928.50802717 1948704.70395781),0.0,0.0
578,523,0,62943,29,-301.6666666666667,7th & Santa Clara,143.2345149948091,177.93838253250016,321.17289752730915,POINT (6159407.56710841 1948678.3165434),0.0,0.0
579,523,1,60439,2,-20.0,Santa Clara & 5th,1412.6696955005775,2011.2584045856097,3423.9281000861847,POINT (6158689.41008016 1948639.05743556),0.0,
580,523,1,60616,3,-109.0,,,,,,,
581,523,1,65461,4,-136.0,,,,,,,
582,523,1,60619,5,-123.0,,,,,,,
583,523,1,60624,6,-175.5,San Carlos & Barack Obama Blvd,110.7444260804555,49.20035471064885,159.94478079110422,POINT (6154555.78252067 1943820.34299165),0.0,
584,523,1,66001,7,-213.0,San Carlos & Meridian,156.29639086403796,174.04928951767187,330.34568038170977,POINT (6150710.01462166 1943405.86120906),0.0,0.0
585,523,1,60634,8,-243.5,San Carlos & Bascom,105.8506661639015,128.12761013496305,233.97827629886456,POINT (6145412.95238116 1943448.51073006),0.0,0.0
586,523,1,65741,9,-317.5,Stevens Creek & Valley Fair / Santana Row,109.06053187009068,391.8067759038348,500.86730777392535,POINT (6141126.594156 1943538.09191573),0.0,0.0
587,523,1,64696,10,-324.5,Stevens Creek & Winchester,85.5774433899434,90.75598910893032,176.33343249887366,POINT (6139677.16759291 1943518.2914304),0.0,0.0
588,523,1,60643,11,-352.5,Stevens Creek & Cypress,45.21385314032374,89.98405369140664,135.19790683173034,POINT (6137101.69866249 1943535.41541189),0.0,0.0
589,523,1,60646,12,-410.0,Stevens Creek & Kiely,131.52421793892384,172.41554785084193,303.939765789766,POINT (6132531.45353791 1943566.32807973),0.0,0.0
590,523,1,60651,13,-466.0,Stevens Creek & Cabot,52.81789101421455,62.39502246119896,115.21291347541344,POINT (6127904.45885491 1943613.84307656),0.0,0.0
591,523,1,60653,14,-488.5,,,,,,,
592,523,1,60656,15,-525.0,Stevens Creek & Wolfe,66.9904445227975,88.55780126736008,155.54824579015758,POINT (6121122.69649982 1943673.64184149),0.0,
593,523,1,60660,16,-604.5,Stevens Creek & De Anza,85.34525613275612,218.67659334129925,304.02184947405533,POINT (6115865.54428449 1943743.24668914),0.0,0.0
594,523,1,62162,17,-615.5,Stelling & Stevens Creek,156.92823948926886,122.64125041625036,279.56948990551945,POINT (6113508.30785725 1944087.49468832),0.0,0.0
