,route_name,route_direction_id,stop_id,stop_name,boardings,alightings,total_b_a,geometry
0,22,238750,60001,Santa Clara Transit Center,152.88002234693408,110.8522497110732,263.73227205800725,POINT (6144099.62758 1954225.5200159)
1,60,239040,60008,San Jose Airport Terminal A,106.41027820218996,97.18365735571619,203.59393555790604,POINT (6146822.45087449 1959780.7825274)
2,60,239041,60011,San Jose Airport Terminal B,101.89522928052335,69.91789248333367,171.81312176385705,POINT (6148114.70649208 1958314.71065639)
3,60,239041,60014,1st & Metro @ Metro Station,99.06068620921565,57.99546564546564,157.05615185468125,POINT (6150233.01229483 1960218.74228139)
4,22,238750,60020,El Camino & Lafayette,40.89098589319178,57.43808699470464,98.32907288789644,POINT (6141651.00288408 1954992.24617273)
4,60,238750,60020,El Camino & Lafayette,40.89098589319178,57.43808699470464,98.32907288789644,POINT (6141651.00288408 1954992.24617273)
10,22,238750,60035,King & Alum Rock,149.6079740520917,157.93623590461826,307.5442099567101,POINT (6167727.93202934 1953654.17929506)
11,22,238750,60036,King & San Antonio,36.41845597213243,38.469836536013005,74.88829250814545,POINT (6168552.89461824 1952565.84026439)
12,22,238750,60037,King & Hermocilla,31.495157456922158,45.19827256077254,76.69343001769472,POINT (6169311.51383591 1951509.07203673)
13,22,238750,60038,King & Virginia,42.71691592721005,39.129301907243104,81.84621783445313,POINT (6169685.78277241 1951032.84103382)
14,22,238750,60039,King & Chaucer,7.6658749746985055,55.93615698027465,63.602031954973164,POINT (6170520.0294635 1949891.63006164)
15,22,238750,60040,King & Story,238.76370598355896,288.76921322141914,527.5329192049778,POINT (6171451.19098699 1948671.12922181)
16,22,238750,60041,King & Christopher,14.65468967307202,32.62560495060496,47.280294623676994,POINT (6172153.21582967 1947748.16715698)
17,22,238750,60042,King & Miami,14.260536032594851,40.486832856685794,54.74736888928064,POINT (6173065.8275215 1946541.82704999)
18,22,238750,60043,King & Havana,32.23416599740129,92.4745754245754,124.70874142197668,POINT (6173718.85771149 1945682.60337473)
19,22,238750,60044,King & Cunningham,34.016051921934285,85.34431279504811,119.36036471698233,POINT (6174381.73663507 1944817.79375264)
20,22,238750,60045,King & Waverly,12.776400396988633,73.79196685667273,86.56836725366134,POINT (6175216.58568716 1943732.43798374)
21,22,238750,60046,King & Seminole,14.793383087500736,107.29635519709048,122.08973828459119,POINT (6175719.71525833 1943079.67649397)
22,22,238750,60047,Tully & King,21.700355496756423,147.82020360530421,169.5205591020606,POINT (6176321.56280792 1942660.39682072)
23,22,238750,60048,Tully & Brahms,6.545140725287782,43.09321323241604,49.63835395770383,POINT (6177169.52272616 1943357.01681857)
24,22,238750,60049,Tully & Quimby,14.747801390216257,67.96769039783744,82.71549178805371,POINT (6177953.14681508 1944010.50960606)
25,22,238750,60050,Tully & Eastridge Way,0.7307692307692306,8.52773200741467,9.258501238183902,POINT (6178588.27776267 1944529.19787315)
26,22,238751,60053,Tully & Quimby,81.85968198468194,16.38665419547773,98.2463361801597,POINT (6177605.19541125 1943875.58927223)
27,22,238751,60054,Tully & Kenesta,47.248469177880956,11.440446318387501,58.68891549626843,POINT (6176925.70858125 1943307.29907022)
28,22,238751,60055,King & Tully,175.0758443354032,17.758625688037448,192.83447002344053,POINT (6176051.84549958 1942753.43206772)
29,22,238751,60056,King & Seminole,8.48444855797797,2.665618939883645,11.150067497861617,POINT (6175628.58125424 1943297.26857848)
30,22,238751,60057,King & Cunningham,105.23089533016004,33.646017462929215,138.87691279308925,POINT (6174527.10379842 1944734.15743698)
31,22,238751,60058,King & Ocala,97.5870973797444,28.672715274921156,126.25981265466558,POINT (6173760.78873 1945727.5232324)
32,22,238751,60059,King & Biscayne,52.95605505605508,15.102580670963022,68.0586357270181,POINT (6172900.09589759 1946867.91596472)
33,22,238751,60060,King & Everglade,28.80308310970075,16.460309869868695,45.26339297956948,POINT (6171993.74698849 1948063.61206415)
34,22,238751,60061,King & Story,191.82937919923214,53.91276819585644,245.74214739508864,POINT (6170984.30904675 1949424.31964456)
35,22,238751,60063,King & Virginia,44.15400636944758,45.694812540400775,89.84881890984832,POINT (6169795.79436341 1951000.6681979)
36,22,238751,60064,King & Kammerer,49.921213916802145,27.24025296598826,77.16146688279038,POINT (6169252.40306175 1951704.01226364)
37,22,238751,60065,King & San Antonio,39.93575036075036,51.8649602031955,91.80071056394586,POINT (6168449.96831492 1952846.26063532)
137,22,238750,60328,Palo Alto Transit Center (Bay 10),733.9948585727998,0.2380952380952384,734.176676754618,POINT (6078107.96035099 1988346.45439856)
137,522,238750,60328,Palo Alto Transit Center (Bay 10),733.9948585727998,0.2380952380952384,734.176676754618,POINT (6078107.96035099 1988346.45439856)
138,22,238750,60329,El Camino & Palm,12.793263517528223,3.426026751026751,16.21929026855498,POINT (6079055.87151292 1986640.97191715)
139,22,238750,60330,El Camino & Galvez,66.45979102596746,7.4282283892578,73.88801941522533,POINT (6079788.22634742 1985807.8761424)
139,522,238750,60330,El Camino & Galvez,66.45979102596746,7.4282283892578,73.88801941522533,POINT (6079788.22634742 1985807.8761424)
140,22,238750,60331,El Camino & Sam McDonald,4.579659882601059,0.2625,4.8421598826010595,POINT (6080518.11694799 1984980.67143197)
141,22,238750,60332,El Camino & Churchill,4.251791101055807,1.0556489262371618,5.307440027292967,POINT (6081284.45957541 1984093.84840249)
142,22,238750,60333,El Camino & Serra,14.807890557155256,3.132273690361927,17.94016424751717,POINT (6082149.76788417 1983118.26636414)
143,22,238750,60334,El Camino & Oxford,6.582965727083374,8.09194220811868,14.674907935202054,POINT (6083068.09708424 1982066.03356048)
144,22,238750,60335,El Camino & California,104.72777900204368,45.388473209796736,150.11625221184042,POINT (6083824.35869507 1981339.69413389)
144,522,238750,60335,El Camino & California,104.72777900204368,45.388473209796736,150.11625221184042,POINT (6083824.35869507 1981339.69413389)
145,22,238640,60336,El Camino & Page Mill,71.98633047279519,18.622602534067234,90.60863300686248,POINT (6085022.45013091 1980516.03895706)
145,522,238640,60336,El Camino & Page Mill,71.98633047279519,18.622602534067234,90.60863300686248,POINT (6085022.45013091 1980516.03895706)
146,22,238750,60337,El Camino & Hansen,19.66011594614536,5.938856405032873,25.598972351178233,POINT (6086134.1431175 1979763.50437289)
147,22,238750,60338,El Camino & Matadero,13.394566462948818,11.32767893870835,24.72224540165715,POINT (6087064.91619033 1979142.36060207)
148,22,238750,60339,El Camino & Barron,18.257159996865877,17.555385872297638,35.81254586916349,POINT (6087694.06945957 1978711.50221181)
149,22,238750,60340,El Camino & Los Robles,20.75738722062251,13.965986382898148,34.72337360352065,POINT (6088605.43377858 1978089.29413864)
150,22,238750,60341,El Camino & Vista,16.23884114251761,11.142951329716034,27.381792472233638,POINT (6089308.15218942 1977359.31069048)
151,22,238750,60342,El Camino & Maybell,12.098414167531812,11.750090432443372,23.848504599975172,POINT (6089784.94716758 1976597.58025856)
152,22,238750,60343,El Camino & Arastradero,66.26076929606343,36.60595572727924,102.86672502334268,POINT (6090330.29056507 1975716.68208598)
152,522,238750,60343,El Camino & Arastradero,66.26076929606343,36.60595572727924,102.86672502334268,POINT (6090330.29056507 1975716.68208598)
153,22,238750,60344,El Camino & Dinah's Court,7.882565473741944,6.466390227419639,14.34895570116158,POINT (6091084.04069799 1974505.17105757)
154,22,238750,60345,El Camino & Los Altos,17.304406214700336,12.014651769798824,29.319057984499157,POINT (6091730.27234517 1973724.88488849)
155,22,238750,60346,El Camino & San Antonio,51.53281767252355,120.62063492063496,172.15345259315845,POINT (6093073.72405457 1972486.49071173)
156,22,238750,60347,El Camino & Showers,328.27674041644633,179.51026032790733,507.7870007443535,POINT (6093922.88508591 1971893.94432464)
156,522,238750,60347,El Camino & Showers,328.27674041644633,179.51026032790733,507.7870007443535,POINT (6093922.88508591 1971893.94432464)
157,22,238750,60348,El Camino & Jordan,7.810090399796279,4.870328690916927,12.680419090713205,POINT (6094639.037525 1971471.58722973)
158,22,238750,60350,El Camino & Rengstorff,18.330620196796662,13.487294160088275,31.817914356884945,POINT (6095560.78240067 1970940.11749214)
159,22,238750,60351,El Camino & Clark,81.18413694148988,54.01700627803568,135.20114321952553,POINT (6097614.33472399 1969751.6936879)
160,22,238750,60352,El Camino & El Monte,53.274804443922115,54.391662177691565,107.66646662161371,POINT (6098283.234961 1968971.18212557)
161,22,238750,60353,El Camino & Pettis,18.30276047481929,15.25701096289331,33.5597714377126,POINT (6099259.03287816 1968209.1357494)
162,22,238750,60354,El Camino & Miramonte,17.46030138162491,18.68231074481074,36.142612126435665,POINT (6100504.47690958 1967409.41195515)
163,22,238750,60355,El Camino & Castro,168.81013390204564,86.6447938499409,255.45492775198662,POINT (6101792.86015958 1966567.14198615)
163,522,238750,60355,El Camino & Castro,168.81013390204564,86.6447938499409,255.45492775198662,POINT (6101792.86015958 1966567.14198615)
164,22,238750,60356,El Camino & Bonita,4.282437660378835,5.626387501387501,9.908825161766343,POINT (6102631.83289108 1966037.68175898)
165,22,238750,60357,El Camino & Phyllis,6.102028771881712,10.64077140180081,16.74280017368253,POINT (6103461.75839658 1965504.03059532)
166,22,238750,60358,El Camino & Bay,30.61481312804842,31.408208703061643,62.02302183111008,POINT (6104243.33262083 1964996.34591514)
167,22,238750,60359,El Camino & Yuba,53.22422381540027,27.45103246426776,80.67525627966803,POINT (6105065.82572649 1964518.22154331)
168,22,238750,60360,El Camino & Americana,34.00414005928712,36.95874615580497,70.96288621509214,POINT (6107556.51628317 1963262.77785999)
169,22,238750,60361,El Camino & Knickerbocker,137.08336393998158,113.35882540661946,250.44218934660122,POINT (6109107.41245958 1962470.7377774)
169,522,238750,60361,El Camino & Knickerbocker,137.08336393998158,113.35882540661946,250.44218934660122,POINT (6109107.41245958 1962470.7377774)
170,22,238750,60362,El Camino & Grape,30.45862111744465,20.89324450059744,51.35186561804208,POINT (6110600.66833133 1961877.84395006)
171,22,238750,60363,El Camino & Mary,43.69755350858293,20.53046038928391,64.22801389786682,POINT (6111986.994955 1961458.31821431)
172,22,238750,60364,El Camino & Hollenbeck,50.858793738940804,25.220045232545235,76.07883897148601,POINT (6113683.74123341 1960931.78449048)
173,22,238750,60365,El Camino & Mathilda,27.13456151691444,24.43306350512232,51.5676250220368,POINT (6115291.65140341 1960407.54439723)
174,22,238750,60366,El Camino & Sunnyvale-Saratoga,206.28874320124325,164.68905767435172,370.97780087559505,POINT (6116676.92356725 1959666.36608957)
174,522,238750,60366,El Camino & Sunnyvale-Saratoga,206.28874320124325,164.68905767435172,370.97780087559505,POINT (6116676.92356725 1959666.36608957)
175,22,238750,60367,El Camino & Cezanne,23.049244627921098,32.44618273882979,55.49542736675088,POINT (6117471.32945874 1958816.19095264)
176,22,238750,60368,El Camino & Remington,145.21370475929297,111.41277954072068,256.6264843000138,POINT (6118673.10822317 1957526.05967465)
176,522,238750,60368,El Camino & Remington,145.21370475929297,111.41277954072068,256.6264843000138,POINT (6118673.10822317 1957526.05967465)
177,22,238750,60369,El Camino & Maria,29.190325116060404,24.242000646412407,53.432325762472814,POINT (6120618.29691808 1955448.27446015)
178,22,238750,60370,El Camino & Wolfe,112.46525019098544,87.78768110973994,200.2529313007254,POINT (6121797.77159324 1954414.28276172)
178,522,238750,60370,El Camino & Wolfe,112.46525019098544,87.78768110973994,200.2529313007254,POINT (6121797.77159324 1954414.28276172)
179,22,238750,60371,El Camino & Poplar,12.137725183313421,22.126236263736264,34.26396144704968,POINT (6123531.66445091 1954188.56208456)
180,22,238750,60372,El Camino & Henderson,32.68974979269098,44.6276805710629,77.31743036375387,POINT (6124368.98495474 1954176.17923531)
181,22,238750,60373,El Camino & Halford,170.8955093925682,123.51772288169347,294.4132322742616,POINT (6126103.48575082 1954168.01127264)
181,522,238750,60373,El Camino & Halford,170.8955093925682,123.51772288169347,294.4132322742616,POINT (6126103.48575082 1954168.01127264)
182,22,238750,60374,El Camino & Flora Vista,107.61770990447461,58.93512639321462,166.5528362976892,POINT (6127859.74831441 1954175.62936765)
183,22,238750,60375,El Camino & Pomeroy,29.98717565114624,25.750223387723388,55.737399038869626,POINT (6129689.63244991 1954151.60316898)
184,22,238750,60376,El Camino & Calabazas,9.968058412176056,7.593317221993691,17.56137563416976,POINT (6130589.70676525 1954136.95851323)
185,22,238750,60377,El Camino & Alpine,23.268701233407118,24.090029986353514,47.35873121976061,POINT (6131271.52429925 1954126.16063456)
186,22,238750,60378,El Camino & Kiely,196.48269214445685,130.36642018112605,326.8491123255829,POINT (6132551.84457324 1954093.54947931)
186,522,238750,60378,El Camino & Kiely,196.48269214445685,130.36642018112605,326.8491123255829,POINT (6132551.84457324 1954093.54947931)
187,22,238750,60379,El Camino & Bowe,10.319162700045052,12.404778309925371,22.72394100997042,POINT (6133486.98574758 1954090.46451172)
188,22,238750,60380,El Camino & San Tomas,10.407866806396218,10.139489758607406,20.54735656500362,POINT (6135171.88428067 1954071.27491756)
189,22,238750,60381,El Camino & Los Padres,11.474459445782967,19.83634600693424,31.310805452717215,POINT (6135996.88164641 1954051.7959539)
190,22,238750,60382,El Camino & Scott,193.24662225029863,153.86541522203285,347.1120374723316,POINT (6137030.32478949 1954033.09290731)
190,522,238750,60382,El Camino & Scott,193.24662225029863,153.86541522203285,347.1120374723316,POINT (6137030.32478949 1954033.09290731)
191,22,238750,60384,El Camino & Jefferson,21.162577700077694,15.46104459266224,36.62362229273993,POINT (6139245.46143533 1954013.89347064)
193,60,238740,60387,Monroe & Franklin,38.35406986804047,34.12650576547636,72.48057563351679,POINT (6140702.03562191 1952672.00442214)
195,60,238740,60391,Benton & Sherman,17.724094369682582,43.34934787434788,61.073442244030446,POINT (6143346.16911316 1954114.01662998)
197,22,238750,60393,El Camino & Accolti,9.106983131247835,5.023334671864084,14.130317803111916,POINT (6145152.67993583 1952830.35056214)
198,22,238750,60394,El Camino & Bellomy,5.038914272002508,4.354361977891391,9.393276249893901,POINT (6145112.05239241 1952075.73330498)
199,22,238750,60395,El Camino & The Alameda,40.14578795387619,18.193791584232763,58.33957953810892,POINT (6145008.88429166 1951224.11821032)
200,22,238750,60397,The Alameda & Newhall,39.26377641965878,15.97494441832677,55.238720837985554,POINT (6146329.00993225 1950686.1137089)
201,22,238750,60398,The Alameda & McKendrie,14.479637029637033,9.542597924950865,24.022234954587887,POINT (6147715.53865525 1949942.14898948)
202,22,238750,60399,The Alameda & University,21.240953001247124,4.630291358967829,25.871244360214934,POINT (6148268.44995099 1949343.8250549)
203,22,238750,60400,The Alameda & Naglee,160.79183879845644,129.70788231376463,290.49972111222115,POINT (6148984.787101 1948553.67702889)
203,522,238750,60400,The Alameda & Naglee,160.79183879845644,129.70788231376463,290.49972111222115,POINT (6148984.787101 1948553.67702889)
204,22,238750,60401,The Alameda & Fremont,11.767833636951286,6.770595091183327,18.538428728134612,POINT (6149811.12042208 1947670.48292914)
205,22,238750,60402,The Alameda & Hester,9.997135054487996,9.60513987646341,19.602274930951406,POINT (6150347.347368 1947097.21701531)
206,22,238750,60403,The Alameda & Hanchett,120.07972232016344,68.30533192297897,188.3850542431425,POINT (6150818.96880008 1946595.94603623)
206,522,238750,60403,The Alameda & Hanchett,120.07972232016344,68.30533192297897,188.3850542431425,POINT (6150818.96880008 1946595.94603623)
207,22,238750,60404,The Alameda & Keeble,26.69430185827245,15.197547142400081,41.89184900067254,POINT (6151799.86447608 1946255.60550956)
208,22,238750,60406,The Alameda & Bush,124.04499152807979,49.44671651877535,173.49170804685514,POINT (6153200.88267142 1946316.46759257)
209,22,238750,60408,Santa Clara & Montgomery,201.46951953275482,133.47078999431943,334.9403095270741,POINT (6154169.72161299 1946352.91929132)
209,522,238750,60408,Santa Clara & Montgomery,201.46951953275482,133.47078999431943,334.9403095270741,POINT (6154169.72161299 1946352.91929132)
210,22,238750,60409,Santa Clara & Delmas,30.742836003865417,11.790996666731958,42.53383267059741,POINT (6154781.8719635 1946376.53013648)
211,22,238750,60410,Santa Clara & Almaden Blvd,113.77992889463489,90.20796638002528,203.9878952746602,POINT (6156121.946055 1947090.27149114)
211,522,238750,60410,Santa Clara & Almaden Blvd,113.77992889463489,90.20796638002528,203.9878952746602,POINT (6156121.946055 1947090.27149114)
212,22,238750,60411,Santa Clara & Almaden Ave,42.256368549750924,43.992060717060724,86.24842926681168,POINT (6156523.88783641 1947331.17258415)
213,22,238750,60412,Santa Clara & 1st,527.7515366169779,488.0801242058595,1015.8316608228375,POINT (6157574.84144317 1947946.23861124)
213,23,238750,60412,Santa Clara & 1st,527.7515366169779,488.0801242058595,1015.8316608228375,POINT (6157574.84144317 1947946.23861124)
214,22,238750,60413,Santa Clara & 6th,2008.3313936880124,1159.265020110608,3167.5964137986184,POINT (6158928.50802717 1948704.70395781)
214,23,238750,60413,Santa Clara & 6th,2008.3313936880124,1159.265020110608,3167.5964137986184,POINT (6158928.50802717 1948704.70395781)
214,522,238750,60413,Santa Clara & 6th,2008.3313936880124,1159.265020110608,3167.5964137986184,POINT (6158928.50802717 1948704.70395781)
214,523,238750,60413,Santa Clara & 6th,2008.3313936880124,1159.265020110608,3167.5964137986184,POINT (6158928.50802717 1948704.70395781)
215,22,238750,60414,Santa Clara & 7th,271.7836664152841,105.29960815328468,377.0832745685686,POINT (6159225.73249833 1948886.74690081)
215,23,238750,60414,Santa Clara & 7th,271.7836664152841,105.29960815328468,377.0832745685686,POINT (6159225.73249833 1948886.74690081)
216,22,238750,60415,Santa Clara & 11th,75.57082557964911,82.57483064321302,158.14565622286207,POINT (6160682.18627833 1949721.3400479)
216,23,238750,60415,Santa Clara & 11th,75.57082557964911,82.57483064321302,158.14565622286207,POINT (6160682.18627833 1949721.3400479)
217,22,238750,60416,Santa Clara & 13th,21.590851713645833,34.090892196039256,55.681743909685075,POINT (6161161.25815482 1949993.21614456)
217,23,238750,60416,Santa Clara & 13th,21.590851713645833,34.090892196039256,55.681743909685075,POINT (6161161.25815482 1949993.21614456)
218,22,238750,60418,Santa Clara & 17th,74.73168653242185,195.31395124483353,270.04563777725554,POINT (6162125.66469058 1950549.64613406)
218,23,238750,60418,Santa Clara & 17th,74.73168653242185,195.31395124483353,270.04563777725554,POINT (6162125.66469058 1950549.64613406)
218,522,238750,60418,Santa Clara & 17th,74.73168653242185,195.31395124483353,270.04563777725554,POINT (6162125.66469058 1950549.64613406)
219,22,238750,60419,Santa Clara & 21st,39.46239340724635,99.70948895875365,139.17188236600006,POINT (6163225.61327808 1951192.6107274)
219,23,238750,60419,Santa Clara & 21st,39.46239340724635,99.70948895875365,139.17188236600006,POINT (6163225.61327808 1951192.6107274)
220,22,238750,60420,Santa Clara & 24th,95.10504046606987,123.49301597095712,218.59805643702705,POINT (6164064.792374 1951680.29938456)
220,23,238750,60420,Santa Clara & 24th,95.10504046606987,123.49301597095712,218.59805643702705,POINT (6164064.792374 1951680.29938456)
220,522,238750,60420,Santa Clara & 24th,95.10504046606987,123.49301597095712,218.59805643702705,POINT (6164064.792374 1951680.29938456)
221,22,238750,60421,Santa Clara & 28th,74.42689051144936,80.74733183483178,155.1742223462811,POINT (6165083.9655325 1952252.78281964)
221,23,238750,60421,Santa Clara & 28th,74.42689051144936,80.74733183483178,155.1742223462811,POINT (6165083.9655325 1952252.78281964)
222,22,238750,60422,Alum Rock & 33rd,18.669426815015058,69.65748524351467,88.32691205852973,POINT (6166597.53140299 1953121.81290573)
222,23,238750,60422,Alum Rock & 33rd,18.669426815015058,69.65748524351467,88.32691205852973,POINT (6166597.53140299 1953121.81290573)
223,22,238751,60425,King & Waverly,78.00327385033273,16.160768071797484,94.16404192213014,POINT (6175120.6186875 1943957.38339998)
224,22,238751,60426,Alum Rock & King,176.5811196156784,91.3552925832337,267.93641219891214,POINT (6167485.29275084 1953720.69130115)
224,23,238751,60426,Alum Rock & King,176.5811196156784,91.3552925832337,267.93641219891214,POINT (6167485.29275084 1953720.69130115)
225,22,238751,60428,Alum Rock & 33rd,79.13018566400918,26.64117336911454,105.7713590331237,POINT (6166691.40391867 1953260.28014848)
225,23,238751,60428,Alum Rock & 33rd,79.13018566400918,26.64117336911454,105.7713590331237,POINT (6166691.40391867 1953260.28014848)
226,22,238751,60429,Santa Clara & 28th,85.32822879734645,56.891699068904956,142.21992786625142,POINT (6165234.65912874 1952419.54823415)
226,23,238751,60429,Santa Clara & 28th,85.32822879734645,56.891699068904956,142.21992786625142,POINT (6165234.65912874 1952419.54823415)
227,22,238751,60431,Santa Clara & 24th,161.8811642605759,85.95269322181085,247.83385748238675,POINT (6164019.37448584 1951715.55685998)
227,23,238751,60431,Santa Clara & 24th,161.8811642605759,85.95269322181085,247.83385748238675,POINT (6164019.37448584 1951715.55685998)
227,522,238751,60431,Santa Clara & 24th,161.8811642605759,85.95269322181085,247.83385748238675,POINT (6164019.37448584 1951715.55685998)
228,22,238751,60433,Santa Clara & 20th,117.40724781754197,49.47766130927899,166.8849091268209,POINT (6162816.90937108 1951037.64942315)
228,23,238751,60433,Santa Clara & 20th,117.40724781754197,49.47766130927899,166.8849091268209,POINT (6162816.90937108 1951037.64942315)
229,22,238751,60434,Santa Clara & 17th,190.16335739423963,67.19104204618914,257.35439944042884,POINT (6162058.020797 1950595.79367957)
229,23,238751,60434,Santa Clara & 17th,190.16335739423963,67.19104204618914,257.35439944042884,POINT (6162058.020797 1950595.79367957)
229,522,238751,60434,Santa Clara & 17th,190.16335739423963,67.19104204618914,257.35439944042884,POINT (6162058.020797 1950595.79367957)
230,22,238751,60435,Santa Clara & 14th,46.11951732907617,18.283519340136998,64.40303666921317,POINT (6161248.99518408 1950127.02165122)
230,23,238751,60435,Santa Clara & 14th,46.11951732907617,18.283519340136998,64.40303666921317,POINT (6161248.99518408 1950127.02165122)
231,22,238751,60437,Santa Clara & 11th,99.55921798789439,97.3992188367188,196.95843682461313,POINT (6160398.19767308 1949646.87267715)
231,23,238751,60437,Santa Clara & 11th,99.55921798789439,97.3992188367188,196.95843682461313,POINT (6160398.19767308 1949646.87267715)
232,22,238751,60438,Santa Clara & 7th,164.5072665080018,312.8525174172233,477.35978392522503,POINT (6159301.49973525 1949016.35359699)
232,23,238751,60438,Santa Clara & 7th,164.5072665080018,312.8525174172233,477.35978392522503,POINT (6159301.49973525 1949016.35359699)
233,22,238751,60439,Santa Clara & 5th,1412.6696955005775,2011.2584045856097,3423.9281000861847,POINT (6158689.41008016 1948639.05743556)
233,23,238751,60439,Santa Clara & 5th,1412.6696955005775,2011.2584045856097,3423.9281000861847,POINT (6158689.41008016 1948639.05743556)
233,522,238751,60439,Santa Clara & 5th,1412.6696955005775,2011.2584045856097,3423.9281000861847,POINT (6158689.41008016 1948639.05743556)
233,523,238751,60439,Santa Clara & 5th,1412.6696955005775,2011.2584045856097,3423.9281000861847,POINT (6158689.41008016 1948639.05743556)
234,522,238931,60440,Santa Clara & 1st,242.83936618936627,270.7777431718608,513.6171093612268,POINT (6157509.51184942 1947971.97084323)
235,22,238751,60441,Santa Clara & Market,69.43153643741881,68.5142960797373,137.94583251715613,POINT (6156878.64073583 1947605.91842572)
236,22,238751,60442,Santa Clara & Almaden Ave,36.199014384308505,35.463456233309195,71.66247061761771,POINT (6156340.74647041 1947294.93709232)
237,22,238751,60443,Santa Clara & Almaden Blvd,84.92682978785932,114.74602815485174,199.6728579427109,POINT (6155888.49442217 1947014.7332564)
237,522,238751,60443,Santa Clara & Almaden Blvd,84.92682978785932,114.74602815485174,199.6728579427109,POINT (6155888.49442217 1947014.7332564)
238,22,238751,60444,Santa Clara & Delmas,10.608209682474387,44.44090223501991,55.04911191749432,POINT (6154976.04972474 1946528.02392797)
239,22,238751,60445,Santa Clara & Cahill,115.76268690459868,129.75330617095318,245.515993075552,POINT (6154143.02940917 1946434.52313073)
239,522,238751,60445,Santa Clara & Cahill,115.76268690459868,129.75330617095318,245.515993075552,POINT (6154143.02940917 1946434.52313073)
240,22,238751,60446,The Alameda & Bush,56.501607297930846,103.89937741996569,160.40098471789648,POINT (6153307.07602859 1946397.89820398)
241,22,238751,60448,The Alameda & Morrison,14.096446445711152,24.52415019620902,38.62059664192016,POINT (6152049.99291283 1946336.68408756)
242,22,238751,60449,The Alameda & Julian,87.3751758862053,111.26892315201142,198.64409903821672,POINT (6151087.65789525 1946423.29054165)
242,522,238751,60449,The Alameda & Julian,87.3751758862053,111.26892315201142,198.64409903821672,POINT (6151087.65789525 1946423.29054165)
243,22,238751,60450,The Alameda & Hester,9.078007939772647,17.49290137966609,26.57090931943873,POINT (6150439.91279966 1947103.82887873)
244,22,238751,60451,The Alameda & Schiele,5.207224556489263,9.16966252701547,14.376887083504732,POINT (6149906.68453541 1947683.23815298)
245,22,238751,60452,The Alameda & Taylor,145.55305185011065,124.8877442818619,270.44079613197255,POINT (6149022.07508416 1948635.04432023)
245,522,238751,60452,The Alameda & Taylor,145.55305185011065,124.8877442818619,270.44079613197255,POINT (6149022.07508416 1948635.04432023)
246,22,238751,60453,The Alameda & University,7.674862066038532,13.539145005321483,21.214007071360015,POINT (6148271.66024642 1949440.27466515)
247,22,238751,60454,The Alameda & McKendrie,7.758804757334169,14.408180218474334,22.166984975808507,POINT (6147727.667568 1950032.27249689)
248,22,238751,60455,The Alameda & Newhall,13.034295524736699,28.60333563495328,41.63763115968999,POINT (6146498.97022225 1950697.35646856)
249,22,238751,60457,The Alameda & Portola,10.372704093292326,35.94749604970193,46.320200142994246,POINT (6145280.23512691 1951173.71673632)
250,22,238751,60458,El Camino & The Alameda,10.329270402799812,9.511657215333685,19.840927618133506,POINT (6145292.82598099 1952205.15069707)
251,22,238751,60459,El Camino & Campbell,3.6178791796438867,5.728376198964436,9.346255378608324,POINT (6144921.62003049 1953137.58813664)
252,22,238751,60460,Santa Clara Transit Center,204.61689503307153,273.29724368768495,477.91413872075657,POINT (6143823.12583642 1954052.06301373)
252,522,238751,60460,Santa Clara Transit Center,204.61689503307153,273.29724368768495,477.91413872075657,POINT (6143823.12583642 1954052.06301373)
253,60,238741,60461,Benton & El Camino,36.111514384308485,15.610469106057336,51.72198349036584,POINT (6143295.21481875 1954146.48113199)
256,60,238741,60464,Monroe & Franklin,37.26022058007351,41.99167744020684,79.25189802028034,POINT (6140769.03712833 1952643.29253732)
258,22,238751,60466,El Camino & Monroe,35.73026532291241,19.371155478508424,55.10142080142081,POINT (6139864.19215325 1954321.46372165)
259,22,238751,60467,El Camino & Lincoln,13.697109263285732,21.622157091274726,35.31926635456048,POINT (6138611.85410674 1954115.14261198)
260,22,238751,60468,El Camino & Scott,152.79689093586143,183.1872506578388,335.9841415937004,POINT (6137168.84288517 1954135.44112781)
260,522,238751,60468,El Camino & Scott,152.79689093586143,183.1872506578388,335.9841415937004,POINT (6137168.84288517 1954135.44112781)
261,22,238751,60469,El Camino & Los Padres,21.410312073547363,20.199180639621815,41.609492713169175,POINT (6135759.30600607 1954158.5693624)
262,22,238751,60470,El Camino & San Tomas,11.696931499872681,19.038180365386253,30.73511186525893,POINT (6134561.331696 1954177.35508598)
263,22,238751,60471,El Camino & Bowe,4.015576906753378,9.834332987274163,13.849909894027544,POINT (6133190.77603817 1954202.1893539)
264,22,238751,60472,El Camino & Bowers,154.9156433435845,187.34735950324185,342.26300284682634,POINT (6132486.84371899 1954211.46722248)
264,522,238751,60472,El Camino & Bowers,154.9156433435845,187.34735950324185,342.26300284682634,POINT (6132486.84371899 1954211.46722248)
265,22,238751,60473,El Camino & Alpine,22.482032428355943,19.695937069466485,42.17796949782245,POINT (6131400.17102358 1954227.9078064)
266,22,238751,60474,El Camino & Calabazas,16.103570857247334,14.799144972674384,30.9027158299217,POINT (6130123.51412807 1954252.86773023)
267,22,238751,60475,El Camino & Pomeroy,20.45987688781807,33.70865931454166,54.16853620235973,POINT (6129424.45876767 1954276.34963864)
268,22,238751,60476,El Camino & Flora Vista,60.35839601574894,70.78679310885188,131.14518912460088,POINT (6127487.92851999 1954284.25283806)
269,22,238751,60477,El Camino & Lawrence,149.8619550384256,162.79366670910795,312.65562174753364,POINT (6126225.28865683 1954294.97033632)
269,522,238751,60477,El Camino & Lawrence,149.8619550384256,162.79366670910795,312.65562174753364,POINT (6126225.28865683 1954294.97033632)
270,22,238751,60478,El Camino & Sycamore,45.92913442766381,37.222561507120325,83.15169593478419,POINT (6124774.45855324 1954281.09339556)
271,22,238751,60479,El Camino & Poplar,20.094950964068612,17.86588697250462,37.960837936573206,POINT (6123406.56332317 1954290.71936056)
272,22,238751,60480,El Camino & Wolfe,94.96925843764079,109.58544388617916,204.55470232381995,POINT (6121346.03496391 1954846.19298714)
272,522,238751,60480,El Camino & Wolfe,94.96925843764079,109.58544388617916,204.55470232381995,POINT (6121346.03496391 1954846.19298714)
273,22,238751,60481,El Camino & Maria,24.583772436713613,23.36402772064536,47.94780015735896,POINT (6120473.70993692 1955745.94676507)
274,22,238751,60482,El Camino & Fair Oaks,130.79323307411542,150.19678205781145,280.9900151319269,POINT (6118293.529586 1958081.02313164)
274,522,238751,60482,El Camino & Fair Oaks,130.79323307411542,150.19678205781145,280.9900151319269,POINT (6118293.529586 1958081.02313164)
275,22,238751,60483,El Camino & Cezanne,24.353379708526766,24.386547521106344,48.73992722963316,POINT (6117499.1355055 1958934.81473115)
276,22,238751,60484,El Camino & Sunnyvale,184.6028337675396,198.6747109916227,383.2775447591624,POINT (6116721.00287542 1959766.87933998)
276,522,238751,60484,El Camino & Sunnyvale,184.6028337675396,198.6747109916227,383.2775447591624,POINT (6116721.00287542 1959766.87933998)
277,22,238751,60485,El Camino & Mathilda,20.918830026182967,24.07425368748898,44.99308371367192,POINT (6114851.24546008 1960650.02029023)
278,22,238751,60486,El Camino & Pastoria,23.769318508289086,51.30867302632012,75.07799153460914,POINT (6113772.24564958 1961011.53269057)
279,22,238751,60487,El Camino & Mary,26.50381497587379,47.20754653842889,73.7113615143027,POINT (6111582.26512142 1961676.2236184)
280,22,238751,60488,El Camino & Grape,22.28809638074344,33.48716561216562,55.77526199290903,POINT (6110367.35941474 1962074.35307148)
281,22,238751,60489,El Camino & Bernardo,114.45882254999901,144.2848879878291,258.7437105378282,POINT (6109305.94880791 1962490.74003398)
281,522,238751,60489,El Camino & Bernardo,114.45882254999901,144.2848879878291,258.7437105378282,POINT (6109305.94880791 1962490.74003398)
282,22,238751,60490,El Camino & Sylvan,29.335807493160438,33.5586167100873,62.89442420324772,POINT (6107771.73501283 1963272.65776148)
283,22,238751,60491,El Camino & Mountain View-Alviso,54.71418965021905,67.48129631806101,122.19548596828008,POINT (6104493.14347291 1964955.72821423)
284,22,238751,60492,El Camino & Calderon,15.285137166754826,9.330281646458117,24.61541881321294,POINT (6103415.728633 1965652.28981324)
285,22,238751,60493,El Camino & Bush,1.7719128094128087,3.6506959543724276,5.422608763785235,POINT (6102356.69039674 1966332.56141856)
286,22,238751,60494,El Camino & Castro,156.6157155752745,186.1256298440122,342.7413454192866,POINT (6101344.03034858 1966985.87080748)
286,522,238751,60494,El Camino & Castro,156.6157155752745,186.1256298440122,342.7413454192866,POINT (6101344.03034858 1966985.87080748)
287,22,238751,60495,El Camino & Shoreline,14.108696205755031,15.774711399711405,29.883407605466424,POINT (6100101.78709817 1967788.41447797)
288,22,238751,60496,El Camino & Mariposa,16.028581875640707,21.408075176457526,37.43665705209823,POINT (6098880.92011733 1968579.3633554)
289,22,238751,60497,El Camino & Escuela,74.92985943794767,89.25386027371322,164.18371971166084,POINT (6097853.14494191 1969682.43365581)
290,22,238751,60498,El Camino & Rengstorff,17.994834005863417,29.2569338341397,47.251767840003154,POINT (6096099.719643 1970753.1719999)
291,22,238751,60499,El Camino & Ortega,8.670861164978813,13.579348919054803,22.25021008403363,POINT (6094922.08912425 1971425.21133822)
292,22,238751,60500,El Camino & Showers,180.8278646190411,301.7052716074777,482.5331362265184,POINT (6093892.02163059 1972041.95977664)
292,522,238751,60500,El Camino & Showers,180.8278646190411,301.7052716074777,482.5331362265184,POINT (6093892.02163059 1972041.95977664)
293,22,238751,60501,El Camino & San Antonio,27.271864981423803,22.892432322579378,50.1642973040032,POINT (6092725.32941017 1972853.38105406)
294,22,238751,60502,El Camino & Cesano,13.459694553812202,14.664632018308485,28.124326572120697,POINT (6091749.62302825 1973852.73437031)
295,22,238751,60503,El Camino & Dinah's Court,9.78513177998472,12.24260225069049,22.02773403067521,POINT (6090938.17550416 1974922.47468489)
296,22,238751,60504,El Camino & Charleston,36.49333313745078,73.44595478051362,109.93928791796439,POINT (6090104.27133209 1976267.93524857)
296,522,238751,60504,El Camino & Charleston,36.49333313745078,73.44595478051362,109.93928791796439,POINT (6090104.27133209 1976267.93524857)
297,22,238751,60505,El Camino & El Camino Way,12.740099606276079,12.25890449419861,24.999004100474668,POINT (6089803.05605525 1976753.85455231)
298,22,238751,60507,El Camino & El Camino Way,24.38475584872644,29.14230165259578,53.52705750132222,POINT (6088765.5118705 1978091.24196939)
299,22,238751,60508,El Camino & Curtner,22.92232538703126,21.4133347861289,44.335660173160214,POINT (6087816.14139391 1978749.43094173)
300,22,238751,60509,El Camino & Margarita,11.94667309814369,23.257083439436368,35.20375653758008,POINT (6087201.76138908 1979161.45636439)
301,22,238751,60511,El Camino & Page Mill,25.2534119475296,82.70464486493903,107.95805681246854,POINT (6084829.49546432 1980791.45277631)
301,522,238751,60511,El Camino & Page Mill,25.2534119475296,82.70464486493903,107.95805681246854,POINT (6084829.49546432 1980791.45277631)
302,22,238751,60512,El Camino & California,42.25670922215041,84.85752654208538,127.1142357642358,POINT (6083695.59517308 1981548.43846706)
302,522,238751,60512,El Camino & California,42.25670922215041,84.85752654208538,127.1142357642358,POINT (6083695.59517308 1981548.43846706)
303,22,238751,60513,El Camino & Stanford,6.791830065359476,7.269531857031859,14.061361922391338,POINT (6082779.53237267 1982550.3550984)
304,22,238751,60514,El Camino & Park,3.4570752776635136,11.464308322396562,14.921383600060073,POINT (6082071.60990399 1983362.90629481)
305,22,238751,60515,El Camino & Churchill,1.258287545787545,7.14415176326941,8.402439309056957,POINT (6081192.564418 1984349.29474197)
306,22,238751,60516,El Camino & Sam McDonald,0.428088578088578,4.585197155785391,5.013285733873968,POINT (6080632.06258625 1985003.41679332)
307,22,238751,60517,El Camino & Embarcadero,9.836765685295097,91.2880736910149,101.12483937630999,POINT (6079540.24554417 1986249.99993007)
307,522,238751,60517,El Camino & Embarcadero,9.836765685295097,91.2880736910149,101.12483937630999,POINT (6079540.24554417 1986249.99993007)
308,22,238751,60518,El Camino & Wells,1.6522911728794079,43.337275714481585,44.989566887361,POINT (6078924.61488566 1986951.02215007)
309,22,238750,60519,Palo Alto Transit Center (Bay 1),0.0833333333333333,1120.6535702859235,1120.736903619257,POINT (6078029.44147916 1988355.86415665)
309,522,238750,60519,Palo Alto Transit Center (Bay 1),0.0833333333333333,1120.6535702859235,1120.736903619257,POINT (6078029.44147916 1988355.86415665)
339,23,238760,60565,Stevens Creek & Stelling,199.51017748591275,201.02775745496334,400.53793494087586,POINT (6113616.59372991 1943669.84919815)
339,523,238760,60565,Stevens Creek & Stelling,199.51017748591275,201.02775745496334,400.53793494087586,POINT (6113616.59372991 1943669.84919815)
340,23,238760,60566,Stevens Creek & Bandley,82.52072812808105,29.36143994893994,111.88216807702105,POINT (6115570.91199975 1943634.82433382)
341,23,238760,60567,Stevens Creek & De Anza,127.65898243912947,54.21818271597683,181.87716515510635,POINT (6116366.99931833 1943623.96871248)
341,523,238760,60567,Stevens Creek & De Anza,127.65898243912947,54.21818271597683,181.87716515510635,POINT (6116366.99931833 1943623.96871248)
342,23,238760,60568,Stevens Creek & Torre,29.5892301326125,15.733397974574446,45.32262810718694,POINT (6117663.84022857 1943610.78698032)
343,23,238760,60569,Stevens Creek & Blaney,22.964910089910088,6.034644522144526,28.999554612054613,POINT (6119005.87100908 1943604.57898748)
344,23,238760,60570,Stevens Creek & Portal,25.3237659399424,16.298059783353903,41.62182572329629,POINT (6119915.68054116 1943594.52684222)
345,23,238760,60571,Stevens Creek & Miller,87.03860918493272,75.97098000039176,163.00958918532442,POINT (6121530.15631483 1943567.27033506)
345,523,238760,60571,Stevens Creek & Miller,87.03860918493272,75.97098000039176,163.00958918532442,POINT (6121530.15631483 1943567.27033506)
346,23,238760,60572,Stevens Creek & Finch,112.75431594549241,23.906875477463718,136.66119142295605,POINT (6122715.70840566 1943560.13550681)
347,23,238760,60573,Stevens Creek & Tantau,21.448097735597738,12.319043456543465,33.76714119214119,POINT (6123725.50166166 1943564.62040597)
348,23,238641,60574,Stevens Creek & Stern,61.246343770608476,60.79228753272874,122.03863130333713,POINT (6124648.45224358 1943539.94853932)
348,523,238641,60574,Stevens Creek & Stern,61.246343770608476,60.79228753272874,122.03863130333713,POINT (6124648.45224358 1943539.94853932)
349,23,238760,60575,Stevens Creek & Interstate 280,3.6519771894771904,2.6970500088147134,6.349027198291902,POINT (6126263.86764792 1943516.96367715)
350,23,238760,60576,Stevens Creek & Loma Linda,73.03007849993143,73.1779549698667,146.20803346979815,POINT (6127623.90068899 1943509.43613315)
350,523,238760,60576,Stevens Creek & Loma Linda,73.03007849993143,73.1779549698667,146.20803346979815,POINT (6127623.90068899 1943509.43613315)
351,23,238760,60578,Stevens Creek & Albany,14.19775567569685,16.61765595515596,30.815411630852804,POINT (6129296.24412908 1943500.2894979)
352,23,238760,60579,Stevens Creek & Richfield,20.993024867289574,33.59210413769237,57.61846233831526,POINT (6130141.24867266 1943493.42960347)
353,23,238760,60580,Stevens Creek & Palace,26.457184482184473,33.57717560217558,60.03436008436006,POINT (6130938.53644817 1943485.16616856)
354,23,238760,60582,Stevens Creek & Kiely,185.74220640470645,174.09742985772394,359.83963626243036,POINT (6132984.44475791 1943467.78595398)
354,523,238760,60582,Stevens Creek & Kiely,185.74220640470645,174.09742985772394,359.83963626243036,POINT (6132984.44475791 1943467.78595398)
355,23,238760,60583,Stevens Creek & Saratoga,68.51318656833364,31.91946925623396,100.43265582456753,POINT (6134528.80256158 1943457.33584365)
356,23,238760,60585,Stevens Creek & Harold,43.575062192709254,14.239385614385615,57.814447807094886,POINT (6136310.72681925 1943445.07963456)
357,23,238760,60586,Stevens Creek & Cypress,83.05321067821069,54.80013638322463,137.85334706143533,POINT (6137329.6076555 1943436.45366757)
357,523,238760,60586,Stevens Creek & Cypress,83.05321067821069,54.80013638322463,137.85334706143533,POINT (6137329.6076555 1943436.45366757)
358,23,238760,60587,Stevens Creek & Henry,9.68445720945721,7.323531860296569,17.007989069753776,POINT (6138552.30566941 1943425.05966148)
361,23,238760,60593,Stevens Creek & Bradley,37.84497830600771,64.40621339444866,102.25119170045646,POINT (6144835.42072783 1943373.96265081)
362,23,238760,60594,San Carlos & Bascom,132.51596181596187,84.94071010688658,217.4566719228485,POINT (6145536.40653057 1943363.2326854)
362,523,238760,60594,San Carlos & Bascom,132.51596181596187,84.94071010688658,217.4566719228485,POINT (6145536.40653057 1943363.2326854)
363,23,238760,60596,San Carlos & Leland,41.25679296194002,18.41421617598089,59.67100913792088,POINT (6146928.33583333 1943350.72024323)
364,23,238760,60597,San Carlos & Leigh,47.895545141133354,19.361539685804395,67.25708482693777,POINT (6147858.5236055 1943342.74814631)
365,23,238760,60598,San Carlos & Buena Vista,85.34383386221623,45.0716628959276,130.41549675814383,POINT (6148980.59189941 1943331.16844507)
366,23,238760,60600,San Carlos & Grand,212.14257237860178,157.1120912584148,369.25466363701656,POINT (6150952.27365158 1943310.43882772)
366,523,238760,60600,San Carlos & Grand,212.14257237860178,157.1120912584148,369.25466363701656,POINT (6150952.27365158 1943310.43882772)
367,23,238760,60601,San Carlos & Lincoln,15.665844939374354,14.398501988207869,30.064346927582214,POINT (6152187.386995 1943351.54307623)
368,23,238760,60602,San Carlos & Sunol,50.2838803353509,27.00061825429471,77.28449858964562,POINT (6152904.01712342 1943375.72544256)
369,23,238760,60603,San Carlos & Barack Obama Blvd,63.277347244259055,112.40770512167572,175.68505236593475,POINT (6154646.17735299 1943797.87026756)
369,523,238760,60603,San Carlos & Barack Obama Blvd,63.277347244259055,112.40770512167572,175.68505236593475,POINT (6154646.17735299 1943797.87026756)
370,23,238760,60604,San Carlos & Josefa,1.8263143719026078,5.727981577246283,7.554295949148891,POINT (6155134.91686109 1944141.23441023)
371,23,238760,60605,San Carlos & Delmas,5.892544955044955,15.69988981606628,21.592434771111236,POINT (6155962.32498316 1944731.54228473)
372,23,238760,60606,San Carlos & Guadalupe River,3.962004662004661,34.74867216117216,38.71067682317682,POINT (6156618.30890742 1945099.38570915)
373,23,238760,60607,San Carlos & Convention Center,21.843207038059973,130.62349382643504,152.46670086449504,POINT (6157817.57652199 1945749.03335997)
373,523,238760,60607,San Carlos & Convention Center,21.843207038059973,130.62349382643504,152.46670086449504,POINT (6157817.57652199 1945749.03335997)
379,523,238710,60616,2nd & Santa Clara,79.8926495073554,5.199698340874812,85.09234784823018,POINT (6157931.53725208 1947667.47079606)
381,23,238761,60618,San Carlos & Market,51.79559190809188,39.89682400932402,91.69241591741589,POINT (6158128.21828917 1946048.84804906)
382,23,238710,60619,San Carlos & Market,143.37529823118058,17.662893479069947,161.03819171025057,POINT (6157437.86304258 1945654.53289281)
382,523,238710,60619,San Carlos & Market,143.37529823118058,17.662893479069947,161.03819171025057,POINT (6157437.86304258 1945654.53289281)
383,23,238710,60620,San Carlos & Woz Way,8.692603230103229,3.140040515040516,11.832643745143747,POINT (6156470.08413824 1945124.16978031)
384,23,238761,60621,San Carlos & Delmas,9.251386113886115,7.484407259407258,16.735793373293372,POINT (6155804.01558849 1944723.70732665)
385,23,238761,60623,San Carlos & Josefa,4.629799367299367,8.819784382284384,13.449583749583748,POINT (6154964.71313325 1944116.10289881)
386,23,238761,60624,San Carlos & Barack Obama Blvd,110.7444260804555,49.20035471064885,159.94478079110422,POINT (6154555.78252067 1943820.34299165)
386,523,238761,60624,San Carlos & Barack Obama Blvd,110.7444260804555,49.20035471064885,159.94478079110422,POINT (6154555.78252067 1943820.34299165)
387,23,238761,60625,San Carlos & Sunol,22.72378871128871,45.721287046287046,68.44507575757575,POINT (6152871.76292282 1943454.86537614)
388,23,238761,60626,San Carlos & Lincoln,9.761725774225773,30.93060689310688,40.69233266733266,POINT (6151912.40198067 1943417.58723548)
389,23,238761,60629,San Carlos & Buena Vista,50.153196803196806,87.27178238428239,137.42497918747918,POINT (6149204.84079474 1943410.06494081)
390,23,238761,60631,San Carlos & Shasta,1.4678071928071939,10.872094572094575,12.339901764901775,POINT (6147582.34928907 1943425.60493597)
391,23,238761,60632,San Carlos & Wabash,26.72485847485848,65.76088911088908,92.48574758574756,POINT (6146712.32084541 1943430.84836382)
392,23,238761,60634,San Carlos & Bascom,105.8506661639015,128.12761013496305,233.97827629886456,POINT (6145412.95238116 1943448.51073006)
392,523,238761,60634,San Carlos & Bascom,105.8506661639015,128.12761013496305,233.97827629886456,POINT (6145412.95238116 1943448.51073006)
393,23,238761,60635,Stevens Creek & Bradley,44.4403096903097,34.620462870462895,79.06077256077253,POINT (6144671.33214524 1943445.30043465)
397,23,238761,60642,Stevens Creek & Henry,4.005731768231769,10.103937728937733,14.109669497169504,POINT (6138422.37876391 1943522.85113256)
398,23,238761,60643,Stevens Creek & Cypress,45.21385314032374,89.98405369140664,135.19790683173034,POINT (6137101.69866249 1943535.41541189)
398,523,238761,60643,Stevens Creek & Cypress,45.21385314032374,89.98405369140664,135.19790683173034,POINT (6137101.69866249 1943535.41541189)
399,23,238761,60644,Stevens Creek & San Tomas,23.329326066090772,48.14805757967525,71.47738364576607,POINT (6135580.34376559 1943547.18015215)
400,23,238761,60645,Stevens Creek & Saratoga,21.30489094239096,59.9752206127206,81.28011155511155,POINT (6134134.80958316 1943553.8326979)
401,23,238761,60646,Stevens Creek & Kiely,131.52421793892384,172.41554785084193,303.939765789766,POINT (6132531.45353791 1943566.32807973)
401,523,238761,60646,Stevens Creek & Kiely,131.52421793892384,172.41554785084193,303.939765789766,POINT (6132531.45353791 1943566.32807973)
402,23,238761,60648,Stevens Creek & Woodhams,36.17887529137529,37.2869005994006,73.46577589077587,POINT (6130547.788542 1943583.84871398)
403,23,238761,60649,Stevens Creek & Cronin,11.62544538794539,15.10510739260739,26.73055278055279,POINT (6129306.19128767 1943595.53832315)
404,23,238761,60651,Stevens Creek & Cabot,52.817891014214545,62.39502246119896,115.21291347541343,POINT (6127904.45885491 1943613.84307656)
404,523,238761,60651,Stevens Creek & Cabot,52.817891014214545,62.39502246119896,115.21291347541343,POINT (6127904.45885491 1943613.84307656)
405,23,238640,60653,Stevens Creek & Interstate 280,64.01165166532813,65.28928579590344,129.30093746123154,POINT (6124818.62644391 1943633.35156773)
405,523,238640,60653,Stevens Creek & Interstate 280,64.01165166532813,65.28928579590344,129.30093746123154,POINT (6124818.62644391 1943633.35156773)
406,23,238761,60654,Stevens Creek & Tantau,10.607163669663674,32.67537046287046,43.282534132534145,POINT (6123497.93256299 1943663.69140206)
407,23,238761,60655,Stevens Creek & Finch,26.17302697302698,67.71761988011991,93.89064685314678,POINT (6122348.87154092 1943661.09954374)
408,23,238761,60656,Stevens Creek & Wolfe,66.9904445227975,88.55780126736008,155.54824579015758,POINT (6121122.69649982 1943673.64184149)
408,523,238761,60656,Stevens Creek & Wolfe,66.9904445227975,88.55780126736008,155.54824579015758,POINT (6121122.69649982 1943673.64184149)
409,23,238761,60657,Stevens Creek & Portal,10.58208041958042,19.100757575757576,29.682837995337977,POINT (6119702.38930108 1943694.49055307)
410,23,238761,60658,Stevens Creek & Blaney,7.370496170496169,22.296682484182487,29.667178654678658,POINT (6118664.34807009 1943705.54532097)
411,23,238761,60659,Stevens Creek & Vista,15.540721778221778,41.38506909756908,56.92579087579089,POINT (6117385.59734675 1943722.0252749)
412,23,238761,60660,Stevens Creek & De Anza,85.34525613275612,218.67659334129925,304.02184947405533,POINT (6115865.54428449 1943743.24668914)
412,25,238761,60660,Stevens Creek & De Anza,85.34525613275612,218.67659334129925,304.02184947405533,POINT (6115865.54428449 1943743.24668914)
412,523,238761,60660,Stevens Creek & De Anza,85.34525613275612,218.67659334129925,304.02184947405533,POINT (6115865.54428449 1943743.24668914)
413,23,238761,60661,Stevens Creek & Saich,35.1929375363199,101.81579539741305,137.00873293373286,POINT (6114945.06515433 1943758.70794432)
413,25,238761,60661,Stevens Creek & Saich,35.1929375363199,101.81579539741305,137.00873293373286,POINT (6114945.06515433 1943758.70794432)
414,23,238761,60662,Stevens Creek & Stelling,29.058043753632,58.89374742904154,87.9517911826735,POINT (6113230.57448883 1943787.2751444)
440,25,238790,60697,Stelling & Stevens Creek,180.77077554798146,177.6111552663024,358.3819308142838,POINT (6113413.25752242 1943331.25866798)
441,25,238790,60698,Stelling & Pepper Tree,32.17264026822851,1.033333333333333,33.205973601561865,POINT (6113412.57937416 1942372.09162307)
442,25,238790,60699,McClellan & Stelling,25.30388883991824,9.395945802563448,34.69983464248169,POINT (6114027.39376134 1941045.55917114)
443,25,238790,60700,McClellan & Felton,21.785632341514688,10.508983500159971,32.29461584167468,POINT (6115671.97577399 1941017.82661507)
444,25,238790,60701,Bollinger & De Anza,47.573204001880505,13.742074918545502,61.31527892042597,POINT (6116508.7713445 1939703.7380359)
445,25,238790,60702,Bollinger & Blaney,10.000426779103247,4.9738065855712925,14.974233364674545,POINT (6118771.25402425 1938838.01306131)
446,25,238790,60703,Bollinger & Alderbrook,3.4449849170437425,5.134729404582345,8.579714321626085,POINT (6120349.64653675 1938935.8183119)
447,25,238790,60704,Bollinger & Miller,24.3691309507486,15.851436880113342,40.22056783086195,POINT (6122050.25796491 1939037.93064047)
448,25,238790,60705,Bollinger & Tullipan,0.8716343297225652,3.009331110066404,3.880965439788969,POINT (6123001.89582542 1939105.23628014)
449,25,238790,60706,Bollinger & Johnson,6.428232062055592,23.530550658491833,29.95878272054741,POINT (6124664.83114783 1938909.51619914)
450,25,238790,60707,Bollinger & Wunderlich,9.15947459403342,3.553238509856157,12.712713103889572,POINT (6126053.13316125 1938709.18851581)
451,25,238790,60708,Moorpark & Lawrence,1.3564255189255194,2.442889463477698,3.7993149824032186,POINT (6126812.08964857 1938604.92067973)
452,25,238790,60709,Williams & Moorpark,11.984300176947237,5.622101019895139,17.60640119684236,POINT (6127387.63049224 1938380.51791331)
453,25,238790,60710,Williams & Happy Valley,2.066431607608078,4.671505536946715,6.7379371445547935,POINT (6128282.14379507 1938239.53427139)
454,25,238790,60711,Williams & Marilla,4.870293758529051,6.603042953778248,11.4733367123073,POINT (6130153.97929025 1938225.44834156)
455,25,238790,60713,Williams & Saratoga,63.222462994521806,26.350471260765353,89.57293425528721,POINT (6132086.313024 1938027.0051689)
456,25,238790,60714,Williams & Ranchero,18.854384830855423,4.740777849601379,23.595162680456806,POINT (6133071.11354783 1938039.15343857)
457,25,238790,60715,Williams & Oakmont,24.741390798743744,8.919320548732312,33.66071134747604,POINT (6134093.12922034 1938050.38799615)
458,25,238790,60716,Williams & Boynton,46.94228851214147,18.152914732326497,65.095203244468,POINT (6135464.84662125 1938140.66471848)
459,25,238790,60717,Williams & Phelps,6.685995785260495,5.413977362506772,12.099973147767269,POINT (6136903.77615808 1938195.7312094)
460,25,238790,60719,Williams & Eden,3.1267273576097088,7.76262585453762,10.889353212147332,POINT (6138570.16357332 1938176.32803299)
461,25,238790,60722,Winchester & Magliocco,64.01413039574807,44.41911250514193,108.43324290089,POINT (6140027.59504166 1939801.83724914)
461,60,238790,60722,Winchester & Magliocco,64.01413039574807,44.41911250514193,108.43324290089,POINT (6140027.59504166 1939801.83724914)
462,25,238790,60723,Moorpark & Winchester,40.23150868739103,14.69774310656664,54.92925179395766,POINT (6140188.72496875 1940778.16797365)
463,25,238790,60724,Moorpark & Monroe,3.6724261849261843,0.9043417366946773,4.576767921620862,POINT (6142065.80848491 1940758.62667415)
464,25,238790,60730,Jeffrey V. Smith & Turner (Valley Medical Center),70.38780067971244,20.002455714220414,90.39025639393282,POINT (6144653.26689266 1940273.86550456)
465,25,238790,60731,Bascom & Jeffrey V. Smith,174.17037749831863,183.98556998556987,358.15594748388855,POINT (6145226.19488066 1940062.26225322)
466,25,238790,60732,Fruitdale & Bascom,106.25024020097548,37.71652008122598,143.96676028220148,POINT (6145521.61095649 1938744.26948239)
467,25,238790,60733,Fruitdale & Sherman Oaks,26.268726371667537,6.109071810542397,32.377798182209936,POINT (6146910.21480659 1938727.0766034)
468,25,238790,60734,Fruitdale & Leigh,62.229343695520214,13.573165968018904,75.80250966353908,POINT (6147665.39702325 1938714.84926565)
469,25,238790,60735,Fruitdale & Southwest Expressway,26.546956638133096,50.8118448544919,77.358801492625,POINT (6148987.38814567 1938697.31911698)
470,25,238661,60736,Fruitdale & St Elizabeth,39.3932085071791,24.274744210038325,63.66795271721744,POINT (6149857.41757359 1938663.01931681)
471,25,238790,60737,Meridian & Fruitdale,25.818782932753518,29.87751521354462,55.69629814629812,POINT (6150501.68236117 1938509.44055574)
472,25,238790,60739,Willow & Meridian,31.79777395806808,14.194929253752779,45.99270321182086,POINT (6150662.24142325 1936198.33822256)
473,25,238790,60740,Willow & Camino Ramon,8.655711771888239,3.7410373123608407,12.39674908424908,POINT (6152065.40134658 1936637.46300048)
474,25,238790,60742,Willow & Carolyn,1.403431372549019,2.3774810973340372,3.7809124698830576,POINT (6153032.10577799 1937167.32677014)
475,25,238790,60744,Willow & Lincoln,70.59801056786348,44.224611009905104,114.82262157776864,POINT (6154309.36733107 1937868.45561723)
476,25,238790,60745,Willow & Kotenberg,5.684034511240392,5.055608525461464,10.739643036701858,POINT (6155167.16810891 1938337.75553164)
477,25,238790,60746,Willow & Bird,20.950742802948678,9.066077305047893,30.016820107996583,POINT (6155967.5152615 1938876.76199956)
478,25,238790,60747,Willow & Delmas,4.358292197998079,5.57107035121741,9.929362549215487,POINT (6156302.57659924 1939110.64703047)
479,25,238790,60749,Willow & Minnesota,11.572632677779735,7.772988694312223,19.345621372091962,POINT (6157376.9848835 1939873.56676447)
481,25,238790,60751,Willow & Palm,34.65036099521395,27.268805867335285,61.91916686254922,POINT (6158996.70933433 1941013.71671514)
482,25,238790,60752,Willow & Almaden,79.0114603533721,44.15866935352232,123.17012970689444,POINT (6159710.54550508 1941514.78395449)
483,25,238790,60753,Graham & Mastic,20.113886521974756,9.132920266008503,29.24680678798325,POINT (6160324.81461775 1941596.38845006)
484,25,238790,60754,Keyes & 1st,286.23221753736453,138.58115642527406,424.8133739626387,POINT (6161172.77814491 1941965.88049322)
485,25,238790,60755,Keyes & 5th,17.80262833571657,11.646846699052581,29.449475034769144,POINT (6162023.44311024 1942441.68892482)
486,25,238790,60756,Keyes & 7th,25.164439563704274,21.983165200812252,47.14760476451653,POINT (6162873.96339083 1942929.54195173)
487,25,238790,60757,Keyes & 10th,83.94091692621106,93.20605570899681,177.14697263520793,POINT (6163849.96143883 1943488.77902223)
488,25,238790,60758,Keyes & 12th,170.61400290885575,88.43069757040352,259.04470047925935,POINT (6164384.22021283 1943790.8578144)
489,25,238790,60759,Story & Roberts,80.07396892323364,130.54516496575323,210.61913388898688,POINT (6166565.76473425 1945108.96574248)
490,25,238790,60760,Story & Lucretia,91.3805226636109,91.2846911258676,182.6652137894785,POINT (6167160.20022516 1945614.87221098)
491,25,238790,60761,Story & McLaughlin,171.772513189425,94.07342200283375,265.8459351922587,POINT (6168258.17276675 1946518.43077131)
492,25,238790,60762,Story & King,215.48002055134404,364.2670808766398,579.7471014279838,POINT (6171360.53795308 1949080.63201173)
493,25,238790,60764,Story & Hopkins,36.87672939805296,38.51030587059999,75.38703526865285,POINT (6172977.51995534 1950414.26878014)
494,25,238790,60765,Story & Karl,22.040499696382057,59.88641277023631,81.9269124666183,POINT (6173753.89537108 1951055.36198615)
495,25,238790,60766,Story & Jackson,30.339448460036696,63.88956484691776,94.22901330695451,POINT (6174512.613998 1951683.9837604)
496,25,238790,60767,Story & Leeward,7.897345138521608,29.864654299948413,37.76199943847003,POINT (6174997.99262041 1952084.91701365)
497,25,238790,60768,Story & Capitol,21.685059874765756,30.6551850926851,52.34024496745086,POINT (6175728.61911191 1952684.1116814)
498,25,238790,60769,Story & McGinness,20.793525102348628,83.14459813062756,103.93812323297614,POINT (6176832.8554205 1953618.87195098)
499,25,238790,60770,Story & Lyndale,9.410116354233997,68.03316936331643,77.44328571755042,POINT (6177459.89583308 1954134.36895148)
500,25,238791,60780,White & Woodhaven,38.59969205630974,38.3356050811933,76.93529713750301,POINT (6177400.8779065 1956026.54725373)
501,25,238791,60781,Story & White,233.53914525017467,59.00950552715257,292.5486507773273,POINT (6178123.43518841 1954766.25449874)
502,25,238791,60782,Story & Lyndale,57.26034374122609,12.859422848393438,70.11976658961952,POINT (6177205.773966 1954027.26155415)
503,25,238791,60783,Story & McGinness,40.39509403994698,15.118476947888714,55.513570987835685,POINT (6176640.17568775 1953560.78742148)
504,25,238791,60784,Story & Capitol,43.60537664949429,18.078944584826935,61.68432123432124,POINT (6175812.721634 1952874.82028948)
505,25,238791,60785,Story & Leeward,33.48947988286225,13.438873789609083,46.928353672471324,POINT (6174936.14366275 1952151.34142148)
506,25,238791,60786,Story & Jackson,135.10044457176804,43.209926837868025,178.3103714096361,POINT (6174062.18215609 1951431.13026348)
507,25,238791,60787,Story & Hopkins,43.60540831717303,29.58583491671727,73.19124323389028,POINT (6172861.34630316 1950442.87535022)
508,25,238791,60789,Story & King,348.70282070870303,210.53319254275144,559.2360132514544,POINT (6171412.06081592 1949247.03358181)
509,25,238791,60790,Story & McLaughlin,111.99669774669772,178.2626416067593,290.2593393534571,POINT (6167803.26816475 1946267.92864765)
510,25,238791,60791,Story & Lucretia,166.62018977754272,140.63415595842062,307.2543457359634,POINT (6166840.44003791 1945481.50075856)
511,25,238791,60793,Keyes & 10th,50.8514142720025,54.83686387142269,105.68827814342521,POINT (6163568.90786707 1943400.03346482)
512,25,238791,60794,Keyes & 7th,20.675411598205713,24.376415577886167,45.05182717609189,POINT (6162665.62095974 1942881.61619456)
513,25,238791,60795,Keyes & 5th,10.766521223874161,25.537284610814023,36.3038058346882,POINT (6161943.54792883 1942466.89589539)
514,25,238791,60796,Goodyear & 1st,155.02278456837283,288.02435938244776,443.04714395082044,POINT (6160947.70313574 1941888.35472965)
515,25,238791,60797,Willow & Almaden,46.216171491906806,76.70793373293375,122.92410522484047,POINT (6159680.91400266 1941536.70615473)
516,25,238791,60798,Willow & Palm,29.525987492899255,38.7044058882294,68.23039338112865,POINT (6158841.88418466 1940947.91369714)
517,25,238791,60799,Willow & Minnesota,9.17526068702539,11.769797767591886,20.945058454617264,POINT (6157369.21751058 1939918.4718584)
518,25,238791,60801,Willow & Shepherd,6.882231738849385,10.630755927079457,17.51298766592885,POINT (6156345.51516166 1939201.04350322)
519,25,238791,60802,Willow & Bird,7.715981240981239,19.87258248287659,27.588563723857828,POINT (6155535.896046 1938624.29367247)
520,25,238791,60803,Willow & Chabrant,3.869756142550261,3.4893307672719436,7.359086909822203,POINT (6155125.65211584 1938362.40935373)
521,25,238791,60804,Willow & Lincoln,40.06696269416856,71.96472718458013,112.03168987874872,POINT (6154094.80542424 1937797.38259664)
522,25,238791,60805,Willow & Carolyn,1.4002307333189683,2.3633026287438046,3.763533362062774,POINT (6153023.68125416 1937206.78075948)
523,25,238791,60806,Willow & Camino Ramon,2.7774529392176444,6.233826549267719,9.011279488485362,POINT (6152029.12582858 1936662.40684822)
524,25,238791,60808,Meridian & Willow,30.437901967313735,58.605550984962726,89.04345295227647,POINT (6150562.49424741 1936334.94228007)
525,25,238660,60811,Fruitdale & Southwest Expressway,40.971472645002045,60.860051549757436,101.83152419475948,POINT (6149869.7676145 1938748.77045764)
526,25,238791,60812,Fruitdale & Goodwin,16.91561673620497,13.89628631172749,30.81190304793245,POINT (6148630.34259991 1938763.54798715)
527,25,238791,60813,Fruitdale & Leigh,13.27419018889606,71.43564499226262,84.70983518115871,POINT (6147687.25918424 1938775.32880348)
528,25,238791,60814,Fruitdale & Sherman Oaks,7.568876548288315,17.718084937937878,25.286961486226186,POINT (6146570.62198183 1938793.06662889)
529,25,238791,60815,Bascom & Fruitdale,142.5156167362049,198.24482641541474,340.7604431516197,POINT (6145332.2097605 1938912.12446165)
530,25,238791,60816,Jeffrey V. Smith & Turner (Valley Medical Center),58.50939534321886,124.79731077745784,183.30670612067667,POINT (6144653.343008 1940335.76892406)
531,25,238791,60820,Moorpark & Thornton,28.83355239531709,5.88636159592042,34.71991399123752,POINT (6143153.42310758 1940806.69580373)
532,25,238791,60821,Moorpark & Monroe,0.9235267183796589,4.318394922071393,5.241921640451053,POINT (6142273.832019 1940819.87392698)
533,25,238791,60822,Winchester & Moorpark,25.32020250990838,76.08211257696549,101.40231508687393,POINT (6139937.46792533 1940648.78306182)
533,60,238791,60822,Winchester & Moorpark,25.32020250990838,76.08211257696549,101.40231508687393,POINT (6139937.46792533 1940648.78306182)
534,25,238791,60823,Winchester & Magliocco,40.12460317460317,55.65178579590345,95.77638897050663,POINT (6139933.05126749 1940007.22463365)
534,60,238791,60823,Winchester & Magliocco,40.12460317460317,55.65178579590345,95.77638897050663,POINT (6139933.05126749 1940007.22463365)
535,25,238791,60825,Williams & Winchester,35.366229930200504,38.0449116243234,73.4111415545239,POINT (6139741.82035075 1938234.60842822)
536,25,238791,60826,Williams & Eden,6.501739518651275,3.6100680365386237,10.111807555189907,POINT (6138352.39891699 1938238.70618907)
537,25,238791,60828,Williams & Cypress,6.833354227471877,6.998394334423747,13.831748561895616,POINT (6137010.25133882 1938252.69730282)
538,25,238791,60829,Williams & Boynton,15.99423280967398,33.258481795981815,49.25271460565576,POINT (6135004.97122866 1938158.79493156)
539,25,238791,60830,Williams & Oakmont,10.335523136993723,20.172992611963203,30.508515748956913,POINT (6134010.28227316 1938109.22514881)
540,25,238791,60831,Williams & Orchid,2.418264007234596,17.369863306628012,19.788127313862603,POINT (6132919.34285399 1938098.71532731)
541,25,238791,60832,Williams & Saratoga,27.995657773598946,49.57511916188383,77.5707769354828,POINT (6131781.30641617 1938108.29273598)
542,25,238791,60833,Williams & Leo,4.6576784326784315,2.541709515974221,7.199387948652652,POINT (6130812.83427174 1938245.59790756)
543,25,238791,60834,Williams & Rockdale,2.3637793578970037,3.4657223495458798,5.829501707442883,POINT (6129757.96236575 1938289.99414423)
544,25,238791,60835,Williams & Happy Valley,6.182890312302077,3.172657652804709,9.355547965106787,POINT (6128461.09848966 1938298.59025565)
545,25,238791,60836,Moorpark & Lawrence,7.128700874289101,11.425299455446515,18.55400032973561,POINT (6127002.98526417 1938664.86905065)
546,25,238791,60837,Bollinger & Wunderlich,4.8548769857593355,9.685696493049434,14.540573478808774,POINT (6125887.48290199 1938809.0685654)
547,25,238791,60838,Bollinger & Johnson,19.460454578101626,5.829062930533519,25.289517508635143,POINT (6124475.10974249 1939013.43298607)
548,25,238791,60839,Bollinger & Tantau,6.469422162804513,5.460294117647062,11.92971628045158,POINT (6123057.60864049 1939169.15708406)
549,25,238791,60840,Bollinger & Miller,18.87624924095513,20.243296491090607,39.11954573204576,POINT (6121291.370047 1939054.93454348)
550,25,238791,60841,Bollinger & Alderbrook,2.205319925172866,2.135801698301698,4.3411216234745655,POINT (6120225.71732266 1938988.44517514)
551,25,238791,60842,Bollinger & Blaney,5.286091196385315,13.059766948737542,18.345858145122836,POINT (6118507.0035685 1939008.00386307)
552,25,238791,60844,De Anza & Bollinger,19.15229672288495,49.63026997512292,68.78256669800787,POINT (6116138.35705908 1939996.75155748)
567,523,238971,60864,Frances & Olson,131.04812173120996,206.5892014847897,337.6373232159995,POINT (6116812.15558025 1963472.82862099)
880,522,238960,61316,Santa Clara Transit Center,177.75093378843377,88.2988206238206,266.04975441225446,POINT (6144110.788975 1954081.51078948)
894,523,238970,61338,Frances & Olson,233.23785691432755,105.32918127624008,338.56703819056764,POINT (6116779.77867649 1963501.03394514)
949,60,238980,61472,Benton & Main,8.776253240223829,18.81027101982984,27.58652426005366,POINT (6141306.184348 1953239.10597824)
950,60,238980,61473,Benton & Alviso,7.692179960562308,21.743608923755975,29.43578888431829,POINT (6142389.65724666 1953710.70411639)
952,60,238981,61475,Benton & Main,16.877713054918924,5.543825129119246,22.421538184038162,POINT (6141317.01700349 1953300.47954315)
1020,60,239041,61618,Winchester & Pruneridge,6.7418747102570595,12.482437986849751,19.224312697106814,POINT (6139993.80541109 1945709.91795264)
1133,522,238960,61884,Capitol & Ocala,18.929513950102184,64.27853772044949,83.20805167055167,POINT (6178010.75988883 1948961.63257781)
1236,523,238970,62059,Homestead & De Anza,49.95239123621476,57.445570687482416,107.3979619236972,POINT (6115956.29180641 1949068.9437149)
1251,25,238790,62095,Winchester & Williams,83.44136394651096,73.03978154198744,156.48114548849836,POINT (6140011.90248774 1938413.58838522)
1251,60,238790,62095,Winchester & Williams,83.44136394651096,73.03978154198744,156.48114548849836,POINT (6140011.90248774 1938413.58838522)
1268,523,238971,62126,Homestead & Stelling,71.32778871455339,128.62197671609434,199.94976543064777,POINT (6113752.56753933 1949013.7371324)
1286,523,238971,62162,Stelling & Stevens Creek,156.92823948926886,122.64125041625037,279.56948990551945,POINT (6113508.30785725 1944087.49468832)
1287,523,238971,62165,Stelling & Greenleaf,5.338313891990364,14.362164143046497,19.700478035036863,POINT (6113532.61259866 1946657.64899682)
1324,523,238970,62212,Stelling & Homestead,111.0070701357466,45.78322559793148,156.7902957336781,POINT (6113521.13230667 1948802.69851248)
1325,523,238970,62214,Stelling & Greenleaf,9.866626265890975,6.33287096890038,16.199497234791345,POINT (6113496.35643758 1946486.73004732)
1343,523,238741,62262,Mathilda & California,10.340543525102348,21.96525133363368,32.30579485873603,POINT (6116454.56607233 1965398.49701373)
1344,523,238971,62264,Mathilda & Maude,10.363231049995754,41.62025507172568,51.98348612172142,POINT (6117130.54503533 1968192.87134624)
1345,523,238971,62265,Mathilda & San Aleso,12.054018856960031,68.42060553825259,80.4746243952126,POINT (6117522.54753216 1969635.79365723)
1346,523,238971,62266,Mathilda & Ross,1.0957625707625709,59.22345130359835,60.31921387436093,POINT (6118104.04669724 1971957.97175564)
1347,523,238971,62267,Mathilda & Moffett Park,0.3791208791208792,21.976828073886907,22.355948953007783,POINT (6118481.88649274 1973928.06788106)
1348,523,238970,62279,Mathilda & Ross,55.50806938159879,1.7736874236874234,57.281756805286214,POINT (6118057.95098892 1972284.27687731)
1349,523,238970,62280,Mathilda & Almanor,74.12431767578828,14.982817998994467,89.10713567478274,POINT (6117511.094143 1970037.2777624)
1350,523,238740,62282,Mathilda & Maude,52.97390558787616,21.606635602959134,74.58054119083529,POINT (6116954.780295 1967785.70975898)
1352,523,238740,62284,Mathilda & California,13.544932844932848,6.9991973712561935,20.544130216189046,POINT (6116422.45327567 1965691.0738564)
1366,25,238791,62312,De Anza & Pacifica,18.195843535549415,23.549298985328388,41.7451425208778,POINT (6116148.37475558 1941408.04072964)
1371,523,238971,62317,Sunnyvale-Saratoga & Homestead,55.50350433879844,41.54883229515579,97.05233663395424,POINT (6116278.12580842 1949208.60518098)
1375,523,238971,62321,Sunnyvale-Saratoga & Fremont,133.96836774336774,79.42384690472927,213.39221464809697,POINT (6116356.74343333 1954507.55750956)
1422,523,238801,62394,Sunnyvale-Saratoga & Fremont,95.24553991759878,322.2715119031296,417.51705182072834,POINT (6116241.42312591 1954495.24388589)
1583,60,239040,62636,Brokaw & Bering,10.45137493225729,4.716516490045899,15.167891422303192,POINT (6150790.16603616 1962681.41124056)
1584,60,239040,62638,Brokaw & Rogers,7.632625462772521,9.570924990042636,17.203550452815158,POINT (6151541.19143699 1963285.47860198)
1585,60,239040,62639,Brokaw & Junction,15.086808452984915,15.936890070713602,31.023698523698506,POINT (6152470.88380332 1963985.19636264)
1586,60,239040,62640,Brokaw & Ridder Park,8.240647179617767,24.585475472240173,32.82612265185795,POINT (6154888.25560899 1964720.18111314)
1587,60,239040,62641,Murphy & Oakland,29.275514926250217,49.64635389120686,78.92186881745704,POINT (6156364.32745999 1964773.1504954)
1588,60,239040,62642,Murphy & Ringwood,4.209631871396576,20.619405920876503,24.829037792273073,POINT (6157971.57227699 1965676.34980448)
1601,60,239041,62672,Murphy & Lundy,46.003030711118925,15.219604251957191,61.222634963076146,POINT (6158790.47779141 1966426.72067906)
1602,60,239041,62673,Murphy & Ringwood,26.624460098724793,13.762079423844126,40.38653952256893,POINT (6157627.90400109 1965564.20042248)
1603,60,239041,62674,Brokaw & Oakland,39.5160426175132,22.282154365242594,61.79819698275583,POINT (6155723.91043374 1964949.84732048)
1604,60,239041,62675,Brokaw & Ridder Park,12.171857309357305,6.0799688873218285,18.251826196679144,POINT (6154620.67510742 1964703.79367873)
1605,60,239041,62676,Brokaw & Junction,19.5003938871586,29.47547681077092,48.97587069792952,POINT (6151806.94681099 1963642.33976489)
1623,60,239040,62706,Winchester & Budd,36.507590285531464,1.6695945394474807,38.17718482497892,POINT (6139920.29866832 1928069.23702674)
1624,60,239040,62707,Winchester & Rincon,19.63581712405242,0.31299019607843137,19.94880732013085,POINT (6139932.38722683 1929582.07848923)
1625,60,239040,62708,Winchester & Campbell,74.09404108962933,10.386331642213992,84.48037273184335,POINT (6139942.64508033 1930413.26613131)
1626,60,239040,62709,Winchester & Latimer,5.966766648384298,4.933880090497735,10.900646738882033,POINT (6139949.90589258 1931689.48733215)
1627,60,239040,62710,Winchester & Hamilton,49.4299810483634,21.21593137254903,70.6459124209124,POINT (6139958.05941959 1932459.89524014)
1628,60,239040,62711,Winchester & Colonial,51.23043908705672,38.444488436400206,89.67492752345693,POINT (6139981.52000257 1933823.98929673)
1629,60,239040,62712,Winchester & Driftwood,61.78168514492043,11.820323630617752,73.60200877553818,POINT (6139988.46093358 1934516.12472348)
1630,60,239040,62713,Winchester & Payne,78.61461324623092,31.525894203835378,110.1405074500663,POINT (6139997.41892092 1935620.07855231)
1631,60,239040,62714,Winchester & Walgrove,20.727778104248685,11.907730912877968,32.635509017126665,POINT (6140009.64855525 1937442.07950148)
1632,60,239040,62716,Winchester & Moorpark,31.922571709336403,15.843041598923952,47.76561330826036,POINT (6140031.95789383 1940684.09762374)
1633,60,239040,62717,Winchester & Olsen,24.316511674599912,25.13139148433266,49.44790315893258,POINT (6140047.324661 1941807.25285773)
1634,60,239040,62718,Winchester & Olin,16.433873316226258,37.07582588979648,53.50969920602272,POINT (6140045.69408683 1942602.93925849)
1635,60,239040,62720,Winchester & Woodland,10.093224259400724,12.061491449726745,22.154715709127466,POINT (6140083.49289575 1946355.98162115)
1636,60,239040,62721,Winchester & Kenwood,12.824670754082513,7.588334296422531,20.413005050505046,POINT (6140087.16185166 1946968.0561844)
1637,60,239040,62722,Winchester & Tulip,3.6602520845167894,5.502422250951661,9.162674335468449,POINT (6140099.87836166 1947751.13992006)
1638,60,239040,62723,Winchester & Newhall,18.32669267007502,12.268692581927878,30.595385252002902,POINT (6140121.47444709 1948713.24626356)
1639,60,239040,62725,Bellomy & Lincoln,8.127348958231305,12.415905418111299,20.54325437634261,POINT (6140369.55564383 1950407.05783656)
1640,60,239040,62726,Monroe & Bellomy,3.8679079090843786,6.051249485808309,9.919157394892688,POINT (6141468.148591 1951002.19641006)
1641,22,238751,62729,El Camino & Washington,31.206565738183382,38.36888201667617,69.57544775485954,POINT (6141074.23697725 1954839.47777748)
1655,22,238750,62743,El Camino & Monroe,24.71363318054494,54.9869165964754,79.70054977702036,POINT (6140195.74759249 1954350.55355848)
1657,60,239041,62746,Market & Monroe,7.648854740031211,6.472873205226145,14.121727945257355,POINT (6141243.680536 1951245.27367981)
1658,60,239041,62747,Market & Lincoln,6.878189620836677,5.963451744334098,12.84164136517077,POINT (6140219.31217791 1950805.57738073)
1659,60,239041,62748,Winchester & Bellomy,7.631733299380356,6.700990757608403,14.332724056988754,POINT (6139762.27962741 1950055.96372248)
1660,60,239041,62749,Winchester & Newhall,19.640924435042074,18.250784101519397,37.89170853656147,POINT (6140052.55168466 1948506.02226856)
1661,60,239041,62750,Winchester & Tulip,4.088331684655214,7.296795524736702,11.385127209391912,POINT (6140031.48053259 1947596.70879848)
1662,60,239041,62751,Winchester & Dolores,10.632434966993795,11.788508142184611,22.420943109178396,POINT (6140017.50615108 1946826.39012915)
1663,60,239041,62753,Winchester & Stevens Creek,114.04481188745889,63.61646743779094,177.66127932524995,POINT (6139971.84909016 1943129.91195782)
1664,60,239041,62754,Winchester & Olsen,29.642949044419627,26.05287571905219,55.69582476347179,POINT (6139948.73102616 1941825.89553697)
1665,60,239041,62755,Winchester & Williams,50.52054693672343,56.60354514766282,107.1240920843862,POINT (6139911.36922425 1938120.18739723)
1666,60,239041,62756,Winchester & Greentree,3.8205269403798825,8.177111695494048,11.997638635873933,POINT (6139913.62709375 1936914.4621184)
1667,60,239041,62757,Winchester & Payne,31.166996320672784,98.78086766175001,129.9478639824228,POINT (6139896.51065816 1935396.96384107)
1668,60,239041,62758,Winchester & Cadillac,39.08963928228635,78.24633438456968,117.33597366685603,POINT (6139883.86927925 1933961.69308956)
1669,60,238641,62760,Winchester & Hamilton,25.11129566707802,48.95748787356434,74.06868354064235,POINT (6139880.11830249 1932536.84554556)
1670,60,239041,62761,Winchester & Latimer,3.3739468864468867,8.92108594020358,12.295032826650466,POINT (6139882.52184099 1931452.74371114)
1671,60,239041,62762,Winchester & Campbell,9.925856251591545,61.75162337662338,71.67747962821491,POINT (6139859.41886882 1930543.82754998)
1672,60,239041,62764,Winchester & Mission,0.8242424242424236,21.06433403198109,21.88857645622352,POINT (6139863.94182566 1929220.81313564)
1673,60,239041,62765,Winchester & Catalpa,1.0500969618616676,25.023829520153043,26.07392648201471,POINT (6139859.44281891 1928554.8587589)
1814,523,238970,62943,7th & Santa Clara,143.2345149948091,177.93838253250016,321.17289752730915,POINT (6159407.56710841 1948678.3165434)
1877,23,238760,63026,Alum Rock & King,55.57118690133395,107.34849709114418,162.91968399247804,POINT (6167854.94883566 1953833.68254498)
1878,23,238760,63027,Alum Rock & McCreery,18.390304058686414,39.55531208987093,57.945616148557335,POINT (6168707.6590725 1954323.86529164)
1879,23,238760,63028,Alum Rock & Checkers,10.292632367632368,22.678441901236024,32.9710742688684,POINT (6169292.45645933 1954661.72124323)
1880,23,238760,63029,Alum Rock & Jose Figueres,15.35955515073162,81.74021689095225,97.09977204168378,POINT (6170318.09909308 1955255.06027965)
1881,23,238760,63030,Alum Rock & Jackson,32.55360228007285,93.3904002859885,125.9440025660614,POINT (6171370.29416716 1955858.61681531)
1882,23,238760,63031,Alum Rock & Muirfield,2.8011779886779893,55.81124267888976,58.61242066756773,POINT (6172728.42137216 1956638.81440189)
1885,25,238791,63038,Alum Rock & Capitol,71.6615121806298,2.20781546884488,73.86932764947468,POINT (6173769.22736141 1957225.8742514)
1886,25,238791,63040,Alum Rock & Cedar,8.492296184207948,9.979733501792317,18.47202968600027,POINT (6174885.24415825 1957872.71547739)
1887,25,238790,63062,Alum Rock & White,38.32730904716203,95.94482298747003,134.27213203463202,POINT (6175612.363767 1958378.73513465)
1888,25,238790,63063,Alum Rock & Cedar,5.592969367234072,10.064819902319897,15.657789269553973,POINT (6174958.59801416 1958003.12696198)
1889,23,238761,63065,Alum Rock & Capitol,98.59542124542126,3.3481393606393604,101.94356060606064,POINT (6173469.36083516 1957150.77039897)
1890,23,238761,63066,Alum Rock & Alexander,51.0666292041292,2.9978396603396598,54.06446886446887,POINT (6172874.74719499 1956810.05323264)
1891,23,238761,63067,Alum Rock & Jackson,96.30598568098569,26.798210123210122,123.10419580419575,POINT (6171311.78280124 1955913.3493174)
1892,23,238761,63069,Alum Rock & Jose Figueres,83.12388028638027,14.88482767232767,98.00870795870792,POINT (6170307.07188417 1955337.15099473)
1893,23,238761,63070,Alum Rock & Sunset,24.713553113553107,9.568140193140193,34.28169330669332,POINT (6169602.12939641 1954930.36178206)
1894,23,238761,63071,Alum Rock & McCreery,49.84518814518814,22.765101565101553,72.6102897102897,POINT (6168809.38885592 1954484.07461689)
1983,23,238761,63264,2nd & Santa Clara,150.42211954711948,166.93421162171163,317.35633116883116,POINT (6157846.73263167 1947830.77361906)
2232,25,238790,63600,White & Story,129.87972795178678,264.2569224076578,394.13665035944433,POINT (6178109.03823557 1955146.98405223)
2233,25,238790,63601,White & Buckner,24.173339405692353,35.15905303846483,59.332392444157186,POINT (6177699.65585224 1955715.72110373)
2234,25,238790,63602,White & Easthills,9.22426650147238,36.27964625244038,45.50391275391277,POINT (6176959.3315455 1956764.71145982)
2235,25,238790,63603,White & Florence,19.197741147741148,28.73718520042049,47.93492634816164,POINT (6176416.50946841 1957533.08525115)
2304,25,238791,63681,White & Alum Rock,129.13752930076458,61.804011674599934,190.9415409753645,POINT (6175889.93342184 1958153.76281556)
2305,25,238791,63682,White & Easthills,53.80700369891552,25.173446896241018,78.9804505951565,POINT (6176539.7851405 1957228.0100739)
2410,522,238661,63821,Capitol & Story,74.82427156177157,19.532783882783882,94.35705544455544,POINT (6175940.51009233 1953235.32744248)
2418,23,238760,63864,Capitol & Alum Rock,7.030726952785773,175.992697743433,183.0234246962188,POINT (6173689.97423908 1956967.73664431)
2418,25,238760,63864,Capitol & Alum Rock,7.030726952785773,175.992697743433,183.0234246962188,POINT (6173689.97423908 1956967.73664431)
2437,60,239040,63918,Lundy & McKay,10.12883791045555,40.5999820440997,50.728819954555235,POINT (6158023.09153092 1968050.17215656)
2438,60,239040,63919,Lundy & Commerce,2.8159077850254333,6.626229081376137,9.442136866401569,POINT (6157704.89859775 1969220.16194256)
2439,60,239040,63920,Lundy & Concourse,6.029826301149828,14.404291705027001,20.434118006176824,POINT (6157660.01286075 1970226.96143815)
2440,60,239040,63921,Lundy & Fortune,2.1094510881275577,15.099696790137962,17.209147878265526,POINT (6157647.27305683 1971578.49285582)
2441,60,239040,63922,Trade Zone & Lundy,0.5499500499500496,7.18737406384465,7.737324113794701,POINT (6157459.64613549 1972401.70118314)
2442,60,239040,63923,Trade Zone & Ringwood,3.854212780683368,10.025390132743071,13.87960291342644,POINT (6156359.67294174 1972528.41746515)
2443,60,238690,63926,Montague & Trade Zone,5.174993470581705,46.688427585486416,51.863421056068134,POINT (6155922.20760933 1972724.66444798)
2444,60,239041,63942,Trade Zone & Ringwood,21.85895289351172,8.162364188099483,30.021317081611194,POINT (6156415.88674007 1972440.91271889)
2445,60,239041,63943,Lundy & Trade Zone,13.44915288959406,0.7119291656056357,14.161082055199698,POINT (6157700.0275445 1972078.77236706)
2446,60,239041,63944,Lundy & Fortune,10.186004273504272,2.3671487825899575,12.55315305609423,POINT (6157583.35914266 1971636.97764698)
2447,60,239041,63945,Lundy & Concourse,13.050135158958692,5.433436742995563,18.483571901954253,POINT (6157598.38568741 1969911.7996669)
2448,60,239041,63946,Lundy & Commerce,5.138535320888265,2.9339884788414197,8.07252379972968,POINT (6157634.2284635 1969098.13134673)
2449,60,239041,63947,Lundy & McKay,48.11994321038438,14.212274979922034,62.33221819030639,POINT (6157996.021047 1967948.97780515)
2661,523,238680,64477,Lockheed Martin Transit Center,235.66068973706035,0.0,235.66068973706035,POINT (6118038.160018 1975503.35180397)
2662,523,238971,64478,Lockheed Martin Transit Center,0.0,317.4666301835418,317.4666301835418,POINT (6117801.90097608 1975568.38743506)
2678,60,239041,64522,Coleman & Newhall,9.337528321351853,11.463358047181574,20.80088636853342,POINT (6148015.44717616 1953852.15429281)
2679,60,239041,64523,Coleman & Earthquakes,6.246420409655702,11.310977258036079,17.557397667691784,POINT (6147411.83716291 1954226.21522447)
2680,60,239041,64524,Coleman & Brokaw,13.687268613739196,21.888439256821606,35.57570787056082,POINT (6144914.01866774 1955639.02735949)
2682,60,239040,64543,Coleman & Brokaw,23.126327185886016,23.32677330839095,46.45310049427695,POINT (6144767.11541824 1955556.06853589)
2683,60,239040,64545,Coleman & Earthquakes,13.671751859251858,20.918347502171027,34.59009936142291,POINT (6147760.93095291 1953899.35957898)
2697,522,238660,64579,Capitol & Story,15.23609446109446,67.78882645132647,83.0249209124209,POINT (6176068.71488841 1952559.1217739)
2698,522,238961,64581,Capitol & Ocala,43.03497752247751,9.937753912753912,52.97273143523145,POINT (6177729.50159308 1949757.24056664)
2699,60,238691,64585,Montague & Great Mall,23.258238003826225,2.573072597337303,25.831310601163537,POINT (6156408.2702855 1974423.79818881)
2716,23,238760,64650,Stevens Creek & Winchester,85.84480862274977,95.8439114806762,181.68872010342594,POINT (6139741.317399 1943416.79228956)
2716,523,238760,64650,Stevens Creek & Winchester,85.84480862274977,95.8439114806762,181.68872010342594,POINT (6139741.317399 1943416.79228956)
2718,23,238761,64655,San Carlos & 2nd,58.173609723609744,18.317041292041292,76.490651015651,POINT (6158579.61666457 1946311.25828539)
2719,60,239041,64656,Skyport & Technology,24.340749609867252,11.627225633843278,35.967975243710555,POINT (6150015.83228299 1958735.22195448)
2721,25,238791,64658,De Anza & Rodrigues,1.1870360032124743,7.098711582535109,8.285747585747583,POINT (6116154.44495341 1942293.92347232)
2737,23,238761,64696,Stevens Creek & Winchester,85.5774433899434,90.75598910893031,176.33343249887366,POINT (6139677.16759291 1943518.2914304)
2737,523,238761,64696,Stevens Creek & Winchester,85.5774433899434,90.75598910893031,176.33343249887366,POINT (6139677.16759291 1943518.2914304)
2833,60,239031,64926,Winchester & Worthington,39.79433564801213,70.95200567406447,110.74634132207662,POINT (6139964.88486524 1944575.68367256)
2834,60,239030,64927,Winchester & Forest,59.36667572623454,26.014773625067736,85.38144935130224,POINT (6140049.70490558 1944607.14259915)
2860,25,238790,65047,Alum Rock Station,268.57606723342025,282.24610169242516,550.8221689258451,POINT (6174320.37684967 1955679.52366956)
2878,60,239040,65228,Santa Clara Transit Center,194.24108709917536,150.11373789609078,344.3548249952661,POINT (6143971.91359659 1954351.65526231)
2897,23,238760,65320,Alum Rock Station,246.2496378621379,267.1495876672347,513.3992255293725,POINT (6174380.99844758 1955486.75797898)
2927,60,238640,65397,Winchester Station,237.3413986340457,240.33201243201242,477.67341106605824,POINT (6140174.79619083 1927460.81239057)
2940,22,238751,65427,King & Story,250.86059414441755,183.21120619576502,434.07180034018285,POINT (6171423.69432282 1948841.94187231)
2942,523,238970,65459,1st & Paseo de San Antonio,10.563029699059111,172.4941777993248,183.057207498384,POINT (6158157.74447682 1946588.7990689)
2943,23,238760,65460,1st & Paseo de San Antonio,68.25850840336133,269.3489162797987,337.6074246831598,POINT (6158208.50126508 1946482.08045031)
2944,523,238710,65461,2nd & Paseo de San Antonio,199.61137579740523,7.411508834302952,207.02288463170817,POINT (6158300.55488674 1947042.58884373)
2945,23,238761,65462,2nd & Paseo de San Antonio,172.21560939060936,56.47356393606393,228.68917332667337,POINT (6158256.83351749 1947113.88102397)
3028,23,238760,65637,De Anza College Transit Center,393.3340953164484,362.628891941392,755.9629872578406,POINT (6112579.77887441 1943596.99632548)
3054,25,238790,65695,Meridian & Curci,19.06460263592616,17.127066152801444,36.1916687887276,POINT (6150496.03932783 1937558.37979381)
3055,25,238791,65696,Meridian & Curci,17.513510345863274,21.393289308730466,38.90679965459377,POINT (6150608.42853874 1937739.11860557)
3062,22,238750,65707,Tully & Capitol,2.7082711406240825,45.99602485577721,48.70429599640128,POINT (6179623.52733257 1945380.92910931)
3078,23,238760,65740,Stevens Creek & Santana Row / Valley Fair,376.5634239126887,116.91708520237934,493.48050911506795,POINT (6140837.77846067 1943422.75290756)
3078,523,238760,65740,Stevens Creek & Santana Row / Valley Fair,376.5634239126887,116.91708520237934,493.48050911506795,POINT (6140837.77846067 1943422.75290756)
3079,23,238761,65741,Stevens Creek & Valley Fair / Santana Row,109.06053187009068,391.8067759038348,500.86730777392535,POINT (6141126.594156 1943538.09191573)
3079,523,238761,65741,Stevens Creek & Valley Fair / Santana Row,109.06053187009068,391.8067759038348,500.86730777392535,POINT (6141126.594156 1943538.09191573)
3103,60,238981,65788,Benton & Lafayette,7.316567664361782,5.381204987822636,12.697772652184414,POINT (6141866.47915916 1953546.89637315)
3111,22,238751,65810,Eastridge Transit Center (Bay 6),677.1005376975966,0.0,677.1005376975966,POINT (6180454.63787508 1944472.03263314)
3111,522,238751,65810,Eastridge Transit Center (Bay 6),677.1005376975966,0.0,677.1005376975966,POINT (6180454.63787508 1944472.03263314)
3113,22,238750,65812,Eastridge Transit Center (Bay 5),0.0,1087.191627979863,1087.191627979863,POINT (6180650.18013491 1944273.75087748)
3113,522,238750,65812,Eastridge Transit Center (Bay 5),0.0,1087.191627979863,1087.191627979863,POINT (6180650.18013491 1944273.75087748)
3114,60,239040,65815,Lundy & Hostetter,20.5284603468427,88.81212986360043,109.34059021044308,POINT (6158904.9070245 1966697.76967764)
3116,25,238791,65823,Story & Senter,27.11986616324851,71.51432178932178,98.63418795257033,POINT (6164718.94296858 1944110.42312014)
3117,25,238791,65824,Story & Remillard,30.50970704132468,12.484204520969225,42.99391156229393,POINT (6166046.57942091 1944820.09853806)
3120,60,239041,65843,Santa Clara Transit Center,175.7124845742493,180.99439775910358,356.706882333353,POINT (6144037.09817749 1954318.24522415)
3121,522,238730,65846,Capitol & Nuesta Castillo,75.5721472971473,138.93085248085245,214.50299977799983,POINT (6174468.83029291 1955571.80866189)
3122,522,238961,65847,Capitol & Wilbur (Alum Rock Stn),104.3065725940726,64.09729853479855,168.40387112887115,POINT (6174545.51386657 1955690.51938248)
3123,22,238751,65849,Santa Clara & 2nd,325.42883668618987,278.0328862314157,603.4617229176056,POINT (6157575.71742566 1948005.21716781)
3124,522,238930,65850,Santa Clara & 2nd,302.12006930977526,329.5230968378028,631.6431661475775,POINT (6157671.70509458 1947988.13321248)
3124,523,238930,65850,Santa Clara & 2nd,302.12006930977526,329.5230968378028,631.6431661475775,POINT (6157671.70509458 1947988.13321248)
3125,522,238960,65856,Alum Rock & King,34.55937534687534,87.99397546897548,122.55335081585078,POINT (6167823.32193041 1953857.80979331)
3126,522,238961,65857,Alum Rock & King,84.49004329004329,25.28002830502831,109.7700715950716,POINT (6167491.05323799 1953696.9383959)
3127,522,238960,65858,Alum Rock & Jackson,29.864699189699213,113.24741924741922,143.11211843711848,POINT (6171354.06880592 1955882.5186704)
3128,522,238961,65859,Alum Rock & Jackson,140.22651098901102,27.122889610389606,167.34940059940052,POINT (6171040.61766116 1955733.35131781)
3130,60,238730,65867,1ST & METRO,57.75118639530409,111.31920832435537,169.07039471965945,POINT (6150544.902091 1959913.96894081)
3143,60,239040,65882,MILPITAS BART - 6,322.55477520845164,325.1055660842425,647.6603412926939,POINT (6157506.77563441 1974809.09236573)
3155,523,238970,65901,Sunnyvale-Saratoga & El Camino,206.7419487375371,165.3013138821962,372.0432626197332,POINT (6116335.84911816 1959764.08013298)
3156,523,238971,65902,Sunnyvale-Saratoga & El Camino,189.10789798436852,219.73602157646283,408.84391956083147,POINT (6116423.22131875 1959757.18710214)
3159,25,238790,65906,Tamien Station,161.6488522914994,183.010487551664,344.6593398431635,POINT (6159056.16229941 1938604.03091773)
3160,60,239030,65907,WINCHESTER & STEVENS CREEK,66.80991606432782,115.36421805318864,182.1741341175165,POINT (6140061.03231074 1943836.79604273)
3172,523,238970,65923,Mathilda & Innovation,19.077749048337278,1.290674603174603,20.368423651511886,POINT (6118335.40220566 1974083.76540431)
3195,60,239040,65952,SKYPORT & TECHNOLOGY,10.974962619080264,27.90470820029643,38.87967081937671,POINT (6150083.01521949 1958642.0761434)
3196,60,239041,65953,1ST & BROKAW,17.166847205082497,38.098823317205664,55.265670522288175,POINT (6149607.297667 1961293.70797923)
3197,60,239040,65954,BROKAW & 1ST,29.277457346575,20.043677809118975,49.32113515569399,POINT (6149769.10114916 1961634.28210123)
3219,23,238761,66001,San Carlos & Meridian,156.29639086403796,174.04928951767187,330.34568038170977,POINT (6150710.01462166 1943405.86120906)
3219,523,238761,66001,San Carlos & Meridian,156.29639086403796,174.04928951767187,330.34568038170977,POINT (6150710.01462166 1943405.86120906)
3221,60,239040,66019,San Jose Airport Terminal B,105.51564358843768,69.77195386313034,175.28759745156796,POINT (6148161.17227842 1958273.94794264)
3225,25,238790,66033,Clove & Ginger,37.62825091575093,52.15947802197803,89.78772893772896,POINT (6143691.13955183 1939440.16605648)
3239,25,238790,66055,Moorpark & Empey,18.09434021860493,27.458610996846296,45.55295121545122,POINT (6143692.33574367 1940729.95317507)
